date,temperature,cloud_cover,rain_probability,solar_radiation,panel_efficiency,power_generated,power_consumed,fault_detected
2023-01-01,23.330885008754258,43.86602454582324,11.380318564510452,561.3397545417677,90.0,0.5916590093886935,3.32168689667343,0
2023-01-02,20.51947936466657,48.7478069312386,17.86327021955658,512.521930687614,89.9,0.4254297338087953,3.402524596057285,0
2023-01-03,19.427961746821513,41.57998542967667,16.844656972087527,584.2001457032333,89.8,0.4243791879798059,5.749275756969849,0
2023-01-04,19.878301103776344,24.49476222492164,13.71165460988095,755.0523777507836,89.7,0.5630237637949224,6.188484980009372,0
2023-01-05,22.678548481151477,24.83744613406442,28.275260550154787,751.6255386593558,89.6,0.5776116706078054,3.1967863615073195,0
2023-01-06,19.123442032212544,20.663942373325234,12.735066307214122,793.3605762667477,89.5,0.5879809930126549,5.49471996066225,0
2023-01-07,21.07657208865389,32.251794364779514,11.335783001571357,677.4820563522048,89.4,0.6759824548545739,5.066454031882013,0
2023-01-08,20.984354802995405,45.21064519056604,29.33392764344027,547.8935480943396,89.3,0.5377129206693122,7.268665263374466,0
2023-01-09,22.031594839368292,43.92213380134699,27.512988579811754,560.7786619865301,89.2,0.5505756912252394,5.048028769088348,0
2023-01-10,20.828697211485043,30.231505926717297,19.139254181199448,697.684940732827,89.1,0.7277639800875936,4.952087123806508,0
2023-01-11,22.737461952411252,25.731588184378083,15.814057989649875,742.6841181562191,89.0,0.603412547456457,4.598606761823578,0
2023-01-12,19.644956389189627,39.69446964110264,18.524326360600394,603.0553035889736,88.9,0.59820228711007,5.07295429534884,0
2023-01-13,18.10209616183346,21.83088750927497,11.84522897986919,781.6911249072504,88.8,0.731456128405695,3.265276657780222,0
2023-01-14,21.82260628354117,26.993690972980165,28.24962288147043,730.0630902701984,88.7,0.5972646931161111,6.905557738139034,0
2023-01-15,19.397678637579858,27.36310532377612,14.410937704158505,726.3689467622387,88.6,0.5811286333405455,7.5959417861867635,0
2023-01-16,18.88159582939907,35.172265417600094,17.94184480126131,648.277345823999,88.5,0.6106496208318881,5.707617924740574,0
2023-01-17,19.229833129954248,33.16465731411766,25.999033341160022,668.3534268588234,88.4,0.6682732083574237,5.831497483095522,0
2023-01-18,20.35526801940835,26.726867159141214,23.40940133557306,732.731328408588,88.3,0.767839464880735,6.059484337690391,0
2023-01-19,20.686975783372905,25.75170281954169,15.847675524207878,742.4829718045831,88.2,0.6304906388883508,5.211759779743814,0
2023-01-20,24.403581747882747,36.92906834885092,22.25723105803644,630.7093165114908,88.1,0.597936157095339,3.254643195711508,0
2023-01-21,19.93318005855025,25.572127962076493,12.480202494009712,744.2787203792351,88.0,0.6491230524567555,5.117486551452055,0
2023-01-22,23.60702901002073,30.782685837210895,29.21603498303827,692.1731416278911,87.9,0.5105435488727603,3.9978010744716443,0
2023-01-23,22.807636774500523,35.412506944608616,28.250808255423955,645.8749305539137,87.8,0.5506077798161808,3.6278130214601623,0
2023-01-24,19.717955139129938,44.46406514107146,25.11273896548198,555.3593485892853,87.7,0.4487175673433894,5.984524842323338,0
2023-01-25,21.769629373481205,29.77875478428082,29.07637600138322,702.2124521571917,87.6,0.6159347116789632,4.970059303250102,0
2023-01-26,19.367859404094666,42.078540880003374,15.497814085382126,579.2145911999662,87.5,0.49036352195040916,3.313532867453553,0
2023-01-27,24.044268886606424,39.78188136981615,13.05628042080464,602.1811863018385,87.4,0.5488969568803318,6.4975118394916755,0
2023-01-28,22.70859041362769,38.01719379459523,16.748969376960645,619.8280620540477,87.3,0.5789569001038265,6.447710191842706,0
2023-01-29,23.023315139449217,41.05740832074619,18.771738992682877,589.425916792538,87.2,0.5955184249199722,6.39793981929862,0
2023-01-30,23.559889285097075,47.586167737670394,24.90052412603292,524.1383226232961,87.1,0.4814131862816171,5.6250769887434755,0
2023-01-31,23.967333112792588,25.609142881422947,28.224977235788337,743.9085711857705,87.0,0.5730737436160604,3.598293552985796,0
2023-02-01,23.528594934519738,36.36567878622249,10.467758330822658,636.3432121377751,86.9,0.5313567225006068,5.025715968456208,0
2023-02-02,20.410522146071383,31.225748644491322,26.03730887677313,687.7425135550867,86.8,0.6273235442117958,4.60275163518909,0
2023-02-03,20.399766831868284,28.989566907579764,12.977568775344047,710.1043309242024,86.7,0.6101449560590244,5.313496015264518,1
2023-02-04,22.68027175083748,45.732427925646405,24.54537209172507,542.675720743536,86.6,0.38487374734125585,6.539072480409384,0
2023-02-05,18.45238735273317,35.97388339506847,20.562044247841477,640.2611660493154,86.5,0.6248495172207714,5.122693059455633,0
2023-02-06,20.157426231129136,32.94988976604064,11.522095214275897,670.5011023395936,86.4,0.5907288297807776,4.279889219660978,0
2023-02-07,20.475632215218,26.106632625024552,18.70323666081302,738.9336737497545,86.3,0.5566209140824463,4.192310316018302,0
2023-02-08,18.321185037033906,23.12392850702688,25.426388314675478,768.7607149297312,86.2,0.5675846491498361,5.588841805454945,0
2023-02-09,24.89943171439315,39.55058738248542,28.114873428293375,604.4941261751458,86.1,0.465631327418557,3.797863527519973,0
2023-02-10,18.288071107928005,37.27440162754734,19.02669124300604,627.2559837245266,86.0,0.6219032817025675,2.8897410945181923,0
2023-02-11,23.57272887968209,38.77762388268434,25.248181685835142,612.2237611731567,85.9,0.5455033979334621,6.262518073244205,0
2023-02-12,19.17076531867624,20.41655376124841,14.283093675612317,795.8344623875158,85.8,0.6615203658937234,3.7586925178426274,0
2023-02-13,22.93125020602717,31.90737586353616,25.888678879257085,680.9262413646384,85.7,0.6013548124543204,3.596384555838801,0
2023-02-14,24.533719181897933,34.93594387469766,24.50133914092418,650.6405612530235,85.6,0.4694736915939054,5.830362842046184,0
2023-02-15,21.96347465560909,46.09500086078138,19.61061981558709,539.0499913921863,85.5,0.5402361264135502,4.982367331675221,1
2023-02-16,21.216841529524032,32.27106060395125,11.738854875063494,677.2893939604876,85.4,0.4947430896301914,3.2600154575881466,0
2023-02-17,24.208939427064355,48.0149964513368,20.240260466057578,519.850035486632,85.3,0.4162150917674673,3.606836499065136,0
2023-02-18,23.460543341915486,20.996460420517177,21.337558580035754,790.0353957948283,85.2,0.6642973604807794,5.382636037845809,0
2023-02-19,24.80070100176951,40.82486882487173,28.001525236241033,591.7513117512827,85.1,0.4921199042526578,7.114165621426708,0
2023-02-20,23.4440522070433,27.225319824129887,29.700958046314973,727.7468017587012,85.0,0.5799662491774914,5.495962866430415,0
2023-02-21,20.484541006366634,39.5442316773735,12.744151225094543,604.5576832262649,84.9,0.5543789852991357,3.056007003899478,0
2023-02-22,23.18451322135147,34.570210578805,17.448921907013936,654.2978942119499,84.8,0.48906599728394834,4.89303828121226,0
2023-02-23,18.391073616359886,37.59288017947037,26.008380199372265,624.0711982052962,84.7,0.5756011049450547,5.62388412992698,0
2023-02-24,24.535490492257242,26.869012593067968,19.018280525347997,731.3098740693202,84.6,0.6629039456277145,5.068667343175686,0
2023-02-25,24.777379807921996,43.035749633306295,15.376285536448504,569.642503666937,84.5,0.4259794692463213,5.9825098949489,0
2023-02-26,24.48575371797532,28.742763078201666,20.12539382574176,712.5723692179832,84.4,0.7143494817144556,3.97820441886763,0
2023-02-27,24.27599257039637,39.53359074558746,27.398186569797318,604.6640925441253,84.3,0.4550170955261549,3.220754442809689,0
2023-02-28,23.719432764361123,27.889409591052075,19.033599912383146,721.1059040894792,84.2,0.5411873019428779,5.195395493413514,0
2023-03-01,31.228774149664908,22.375029396797075,9.947646331216465,776.2497060320293,84.1,0.7683273957054934,4.968018397676736,0
2023-03-02,31.202473072474,11.908224480210603,16.360901941582796,880.9177551978939,84.0,0.7155741367650041,3.639630626862979,0
2023-03-03,31.49871307925644,16.77887026232938,6.587053706691021,832.2112973767062,83.9,0.6333196295335866,3.5820325381325313,0
2023-03-04,26.138199129140542,10.81229856392807,6.12245538364124,891.8770143607193,83.8,0.8101525248589719,4.022684078764565,0
2023-03-05,31.550788755585202,28.03242479378691,10.74342671557527,719.6757520621309,83.7,0.6027637595586115,6.087501680357043,0
2023-03-06,29.786084497964918,23.452419073919526,6.879665293868394,765.4758092608047,83.6,0.5231888142509012,5.1301355789311875,1
2023-03-07,31.972636071133945,28.964864109235656,14.556123568812465,710.3513589076434,83.5,0.590639365841456,6.1179919068577355,0
2023-03-08,26.40700477948616,16.253265605989178,8.322297727648591,837.4673439401082,83.4,0.5682528788877184,5.974268531965862,0
2023-03-09,31.57794985698102,26.54203597691614,12.035939375307624,734.5796402308387,83.3,0.5096582955172922,4.732310383913918,0
2023-03-10,24.89673036687328,25.507373791225753,7.2009132979691275,744.9262620877424,83.2,0.5967902297589298,3.6853730454307545,0
2023-03-11,28.875436591187373,17.676620057137498,10.284817862643855,823.2337994286249,83.1,0.599785229198506,4.4578897777507125,0
2023-03-12,29.462405008190007,15.589551714901868,12.354914601215842,844.1044828509814,83.0,0.7700330380364768,3.8726778377592286,0
2023-03-13,26.838550013255713,22.91607643088835,18.022936248756174,770.8392356911164,82.9,0.5823435660129456,4.4494658060289085,0
2023-03-14,25.061100308393264,23.21080620433024,7.614901962407849,767.8919379566977,82.8,0.6214182460651501,5.189476180343239,0
2023-03-15,31.3886386819716,12.820288529251707,16.828088509980184,871.7971147074829,82.7,0.6621007967631789,5.0187790386900275,0
2023-03-16,24.393231112744125,13.21434710149533,9.97533262008241,867.8565289850467,82.6,0.724753156831623,5.775504756030796,0
2023-03-17,25.637880989685577,17.68746469303725,16.75794298738402,823.1253530696275,82.5,0.5464434114561034,3.2024084154982613,0
2023-03-18,31.25398301926128,21.16955881171542,18.311222081855444,788.3044118828458,82.4,0.5337179261277005,5.123846394917629,0
2023-03-19,28.53110622228556,12.553397256783638,6.650796015057611,874.4660274321636,82.3,0.7388382843816134,5.701151917572339,1
2023-03-20,26.755076858942534,18.689254313690178,9.375697548850582,813.1074568630983,82.2,0.6857224367310102,5.407803470253543,0
2023-03-21,28.918096066357194,14.744082354245108,14.129543582883894,852.5591764575489,82.1,0.5966653521364239,3.2830468441835867,0
2023-03-22,26.29165473619197,26.312751876188493,15.046480523310994,736.8724812381151,82.0,0.5502109614411437,4.952680364501172,0
2023-03-23,27.348082083728606,14.191812046503756,19.36257826867493,858.0818795349624,81.9,0.6051752853061838,2.96908602292395,0
2023-03-24,24.789040450374657,15.672971615224984,12.606037141182785,843.2702838477502,81.8,0.6406654948998676,5.390594520347471,0
2023-03-25,31.69218173048148,24.529476409070604,17.18813011287014,754.705235909294,81.7,0.5097173724745709,4.921741492454636,0
2023-03-26,28.576558612897912,15.092707800911482,13.876936777299393,849.0729219908852,81.6,0.8133720453447579,5.469539303641373,0
2023-03-27,30.89855624871379,23.92489280769925,10.869165373762591,760.7510719230075,81.5,0.5396732748407671,6.263324359577739,0
2023-03-28,26.60591221065922,27.709719687565308,9.243453262834421,722.902803124347,81.4,0.4853827350758424,3.2602259536777587,0
2023-03-29,26.164253406409188,26.00701494076874,12.473201890179277,739.9298505923126,81.3,0.5186052471694763,4.886223082992606,0
2023-03-30,24.038033450293444,26.962566665670487,5.088968355496461,730.3743333432951,81.2,0.6381221057070623,5.812287120497457,0
2023-03-31,31.387572775950993,26.72903326218991,18.54444794867838,732.7096673781008,81.1,0.6811779583596606,3.764042990483091,0
2023-04-01,27.74020003955858,21.010294889640452,17.19467086119225,789.8970511035955,81.0,0.5550780069560848,5.192335520086568,0
2023-04-02,24.97507286612915,20.59767725144335,10.966718795013385,794.0232274855665,80.9,0.6079994167456874,6.1080377584923395,0
2023-04-03,27.29532740797377,20.245689785061174,11.59577607059494,797.5431021493882,80.8,0.7724185767597024,5.1640580201255375,0
2023-04-04,30.29119057254416,28.398903556132286,17.789236946756944,716.0109644386772,80.7,0.5076208294656425,3.8769714567264546,0
2023-04-05,29.824985311423763,27.350944990384896,10.540188529628205,726.4905500961511,80.6,0.6856934408603297,4.760787488738362,0
2023-04-06,28.50147682127242,12.438968169631398,17.244705330512023,875.6103183036861,80.5,0.7224434578240719,5.507339643240892,0
2023-04-07,26.57743558139828,22.84588815604423,9.557462021235743,771.5411184395577,80.4,0.7112798434543729,3.9232058215558347,0
2023-04-08,25.646360048247328,13.863281599531378,5.963863749002729,861.3671840046862,80.3,0.637588438552493,5.264927301846876,0
2023-04-09,24.711176693502434,24.47307589119997,12.965770467950252,755.2692410880003,80.2,0.48590006410271647,7.057664449014937,0
2023-04-10,28.946090068092154,29.13142774604825,19.004603014339466,708.6857225395175,80.1,0.6314633803808016,5.684516822410975,1
2023-04-11,30.926922707900655,15.229509551339415,19.658210962061034,847.7049044866059,80.0,0.6808773385680457,6.078087644919692,0
2023-04-12,28.255880833962497,24.00381152256492,15.195238765051977,759.9618847743508,79.9,0.49474842307466194,4.780622131661471,0
2023-04-13,28.40709998850295,18.05467058559662,14.152319379238063,819.4532941440337,79.8,0.7304820137512804,4.158097918031781,0
2023-04-14,30.238048786378453,22.628908665898766,15.836989042689481,773.7109133410123,79.7,0.6451748311810923,3.4715545825932987,0
2023-04-15,27.971474655739485,10.755109963844415,10.156531666200683,892.4489003615558,79.6,0.711915860768525,6.404629050903882,0
2023-04-16,29.04417947198126,14.756603122897602,15.49555915167376,852.433968771024,79.5,0.7144447085578935,4.741615661189482,0
2023-04-17,30.296350515483756,14.375243014847186,16.150792873345598,856.2475698515282,79.4,0.5839894610309802,4.638768669880463,0
2023-04-18,31.416708964033916,14.833466243101297,6.304214047702196,851.665337568987,79.3,0.5977534815922704,5.979308192041759,0
2023-04-19,27.645850851376572,27.529212224655378,17.953903535499297,724.7078777534462,79.2,0.6595853764315911,5.626714258886567,0
2023-04-20,31.433500598411246,22.91164087781184,5.0100089140977575,770.8835912218816,79.1,0.6652198992603519,6.022405089923098,0
2023-04-21,24.53177623888088,19.85880999427532,16.855135827657797,801.4119000572468,79.0,0.5213864377513047,3.5884854238377613,0
2023-04-22,25.54348277549807,12.44164909679956,10.289864010012966,875.5835090320045,78.9,0.8245480822423171,5.7525670776347555,0
2023-04-23,28.01624100231733,26.489728819468787,7.423709886344678,735.1027118053122,78.8,0.6566563783269707,5.961015677684094,0
2023-04-24,28.878352620739438,27.72175933639987,8.36780538591293,722.7824066360014,78.7,0.468856456218441,5.236815554927192,0
2023-04-25,31.228177647360116,11.314956031496084,17.201231478631335,886.8504396850392,78.6,0.6813528506753777,3.320462591104553,0
2023-04-26,28.307761288178153,12.59295826291375,11.832635293364152,874.0704173708624,78.5,0.6102372936974959,5.27134657794549,0
2023-04-27,28.791297967433387,20.035537180954364,19.901284637284583,799.6446281904564,78.4,0.6210343514848972,3.2939200650427103,0
2023-04-28,28.818005737766747,20.68833552637024,11.544838904792664,793.1166447362976,78.3,0.6920439517257763,5.8948294944494055,0
2023-04-29,24.911138684698862,18.2995905746229,9.24435224290671,817.004094253771,78.2,0.5975593588773714,6.6617993134391424,0
2023-04-30,27.969915041332953,18.31550005059408,19.2487700733162,816.8449994940592,78.1,0.6987875299939228,4.971675368109854,0
2023-05-01,27.489121333625015,23.032973935917866,9.156247867282403,769.6702606408213,78.0,0.6179396596117146,3.6429260038225992,0
2023-05-02,30.888000247642175,18.146777793230235,12.941467559547693,818.5322220676976,77.9,0.7249492558837969,5.629582746114013,0
2023-05-03,27.951390594781124,10.431190204987505,8.73263114302455,895.688097950125,77.8,0.7468472725710321,5.512878229866339,0
2023-05-04,26.9855463913133,29.884586768102356,19.190748860392652,701.1541323189765,77.7,0.5976315676091107,6.0786709481592975,0
2023-05-05,27.748381611111558,12.914028245816445,14.159738616972005,870.8597175418356,77.6,0.6458732658032814,4.250798996622443,0
2023-05-06,27.295048470561866,28.17687684930709,5.433390009496128,718.2312315069291,77.5,0.6577392676472268,4.700420246097503,0
2023-05-07,29.218320061087862,29.185676363535325,18.924486861852387,708.1432363646467,77.4,0.5278236359497009,5.338000341427266,0
2023-05-08,30.743750661798753,20.042312974947105,18.364275673678804,799.5768702505289,77.3,0.6282620188437106,2.9769757118387674,0
2023-05-09,29.404869250839873,19.270834097380202,18.642589140268218,807.2916590261981,77.2,0.7464000084911506,4.984395187792677,0
2023-05-10,26.228693074746044,19.350586689984674,17.529365862729236,806.4941331001532,77.1,0.6053395731402567,5.756333646194539,0
2023-05-11,29.17886333508933,28.838473131303914,14.129514306308225,711.6152686869608,77.0,0.6564155568959497,3.559158227022787,0
2023-05-12,24.74145114752193,11.935203323035468,15.97285323260698,880.6479667696453,76.9,0.68841320731047,3.31201068394968,0
2023-05-13,29.381811241093434,22.31877595232728,18.95711628118992,776.8122404767273,76.8,0.5544037768941008,7.515501672349405,0
2023-05-14,31.314047189021416,11.644902067597654,14.01301143965409,883.5509793240235,76.7,0.8014588847116227,4.609950697848917,0
2023-05-15,29.722498788485915,27.430032187984146,5.998398536617246,725.6996781201585,76.6,0.6123753158565235,6.282338694611468,0
2023-05-16,27.45471586836137,22.433724022110212,18.951421711652706,775.6627597788979,76.5,0.49798994071021985,5.7649961879931855,0
2023-05-17,29.328940902965606,22.97938447189147,10.472598212615992,770.2061552810852,76.4,0.5653546868827849,3.7812011599650015,0
2023-05-18,31.32271528449064,27.78809434905567,9.434978482969065,722.1190565094433,76.3,0.4927950641220253,4.30266384266192,0
2023-05-19,26.45711828484886,16.869434743539617,14.941125254047895,831.3056525646039,76.2,0.6326250961428267,3.3511652496720363,0
2023-05-20,31.405118632928673,10.861290004656762,9.527049621765403,891.3870999534323,76.1,0.7362440754343068,6.161063381863699,0
2023-05-21,27.091994303638476,27.246511116320107,5.213189710375031,727.5348888367989,76.0,0.6498679003650731,7.295732213240579,0
2023-05-22,27.229735640144295,17.37228102312534,5.974405560789496,826.2771897687467,75.9,0.5327483791798006,4.256745753189896,0
2023-05-23,25.32571736439845,25.390664054466818,14.280207321569593,746.0933594553319,75.8,0.4917799855521055,4.849179093446231,0
2023-05-24,28.77898712776747,26.902021876302854,12.652303141147508,730.9797812369713,75.7,0.4657207733974102,4.255463174999077,0
2023-05-25,30.25125194327354,20.04631733168101,10.902767287567844,799.5368266831899,75.6,0.5837181287236435,3.070516473197272,0
2023-05-26,29.49165023046487,13.975461051145006,17.151329786325874,860.24538948855,75.5,0.6008405441894723,4.266118019976358,0
2023-05-27,30.290847080209808,22.636176049263412,17.843995428321726,773.6382395073658,75.4,0.6236925148168869,3.592442511868967,0
2023-05-28,25.069128840884545,27.69146774186143,6.98476455507289,723.0853225813856,75.3,0.4733436995361353,5.433461939182741,0
2023-05-29,25.982993130814464,16.42461510028669,14.190563205582052,835.7538489971331,75.2,0.506183908842506,3.236227248567429,0
2023-05-30,31.221926798429404,21.366188486649524,11.452586412516752,786.3381151335047,75.1,0.5987130146297274,3.181863390537693,0
2023-05-31,28.652106153667603,21.58109136202937,11.143352465360685,784.1890863797063,75.0,0.596196361068969,3.2549219645726915,0
2023-06-01,34.58094848232282,68.68583441836036,51.6968926151698,313.1416558163964,74.9,0.21689964765137038,4.584532864735085,0
2023-06-02,28.05875213084352,84.10468904428919,64.84759622207595,200.0,74.8,0.12371049117896855,4.531016277351936,0
2023-06-03,31.704544154830735,81.69243507403553,62.71137047183156,200.0,74.7,0.13811727676946967,5.8894133343108095,0
2023-06-04,28.68306030598103,61.41593172093256,52.30993764256175,385.8406827906744,74.6,0.2541511058921607,4.545059196568323,0
2023-06-05,31.088060863188673,71.77144406796364,88.13311061207696,282.2855593203636,74.5,0.21424742512222497,5.775909649020496,0
2023-06-06,28.894987213518565,66.40191688090756,84.32343037972572,335.9808311909244,74.4,0.2829073563249671,3.6786590826508005,0
2023-06-07,32.35517657051724,69.17594112837232,60.04267001806512,308.2405887162768,74.3,0.2330629831624781,5.081257992004851,0
2023-06-08,28.841825508517427,69.45103431404783,51.829234389085585,305.4896568595217,74.2,0.20560025163708456,3.4874045124024136,0
2023-06-09,29.972288906414608,87.93887109023058,56.590764331132625,200.0,74.1,0.1602348139285318,4.468653452496995,0
2023-06-10,30.781616585837693,78.00160923556686,50.3381783183479,219.9839076443314,74.0,0.1809792688174875,7.056934732207682,0
2023-06-11,34.79488267082897,77.45669974272293,62.8182351956777,225.43300257277065,73.9,0.1906602747988202,5.622976109739231,0
2023-06-12,33.14344198625639,89.7026180541437,71.46893130115272,200.0,73.8,0.17565120622347488,3.3675738360375895,0
2023-06-13,30.569503600119255,62.26920437334199,69.41156917896188,377.3079562665801,73.7,0.2942931530537313,3.8211040203863935,0
2023-06-14,29.621190002010213,62.26805729051657,66.26620923978462,377.3194270948342,73.6,0.25653958701205887,5.472083602326754,0
2023-06-15,31.669446746952705,87.62227618087122,73.67625030883931,200.0,73.5,0.13771675209963694,5.847842710908293,0
2023-06-16,29.02683196331976,66.39076272424691,60.505052438464304,336.0923727575309,73.4,0.2031417199601251,5.026808175753823,0
2023-06-17,31.981808589251578,88.99525458338059,66.39859504818925,200.0,73.3,0.1659810971954739,3.932863789587314,0
2023-06-18,29.34895900059978,70.47528865809696,55.11514286481626,295.2471134190304,73.2,0.20760972659805554,4.052406987913996,0
2023-06-19,31.794861498301835,75.02874584794627,69.99752454938914,249.71254152053734,73.1,0.1479747614992837,3.616895252273506,0
2023-06-20,28.80236649893778,70.22077538320961,85.780779592861,297.7922461679039,73.0,0.21972397326959567,4.158623725556591,0
2023-06-21,34.35260208115028,85.12540971023199,64.61629095130286,200.0,72.9,0.12555843718835638,4.440641028883728,0
2023-06-22,31.748937604580718,79.52365332942236,69.78365162543695,204.76346670577638,72.8,0.16809574275155525,5.009946967152869,0
2023-06-23,29.25876942850338,66.33000363379604,53.2052365189759,336.6999636620396,72.7,0.23793614035949917,6.414113081786229,0
2023-06-24,32.54487642100047,70.66206038173551,81.5144155086008,293.3793961826449,72.6,0.24833609180312075,6.260821921527952,0
2023-06-25,33.645536356883184,66.44252581660695,88.89259367153474,335.57474183393055,72.5,0.27932192912537107,3.671127705880498,0
2023-06-26,30.12795249475221,83.38137768865943,84.06235662655135,200.0,72.4,0.15081151655443348,5.566583017112298,0
2023-06-27,30.25904620969811,79.1969046943894,67.62958181088777,208.03095305610597,72.3,0.15673509853442835,4.2001574781805004,0
2023-06-28,34.322809994058964,77.39144964843163,57.131667098490546,226.08550351568368,72.2,0.14861955726510281,5.631076039970816,0
2023-06-29,33.47322551602967,60.02686413158029,50.3695884274688,399.73135868419706,72.1,0.27041496106676044,4.306276814430964,0
2023-06-30,28.236660139894983,74.54190008856187,57.632736637931956,254.58099911438126,72.0,0.15031750366828436,4.01389625252535,0
2023-07-01,29.308746513687204,73.05468919780753,50.73859258617355,269.45310802192466,71.9,0.15759053417381186,5.1829054878730005,0
2023-07-02,32.94948464112887,68.08371660095875,66.65581727346387,319.1628339904125,71.8,0.1913041963600709,6.1408189689897466,0
2023-07-03,29.22255814922205,73.25578047924257,60.846962371710376,267.4421952075743,71.7,0.2279758579995373,4.747549294176559,0
2023-07-04,31.177369132894476,63.057042081435625,61.7176487235508,369.4295791856438,71.6,0.2979889551816917,4.976530037982578,0
2023-07-05,33.08201435452597,81.28770254099985,56.455855823140396,200.0,71.5,0.1185229056180401,4.7571596050434,0
2023-07-06,28.202645524350313,78.14814523456016,63.81268460131881,218.5185476543984,71.4,0.17629021467220254,3.766208460236847,1
2023-07-07,33.273784201367974,84.99472784481021,52.438603384659395,200.0,71.3,0.15624232101284913,5.78328093900766,0
2023-07-08,32.28048472273892,64.32379141791729,65.05305537874003,356.7620858208271,71.2,0.26119690450372235,6.49209378208656,0
2023-07-09,28.46914025324181,64.18897017912619,59.38643482727775,358.1102982087381,71.1,0.2701749711114422,4.544105522330832,0
2023-07-10,29.56640474990251,70.04236283336473,83.10666579199842,299.57637166635266,71.0,0.2524495696357435,4.509513521499023,0
2023-07-11,32.53041461290802,63.02952129056078,62.774398598442566,369.70478709439226,70.9,0.2647232192185747,5.004465672743237,0
2023-07-12,30.766509700399226,67.41046184041848,80.77495626544031,325.8953815958152,70.8,0.2510190420278558,5.013587489244897,0
2023-07-13,29.330001549721484,79.42662371141932,83.10365039489531,205.7337628858068,70.7,0.1698783428064802,5.872804900370799,0
2023-07-14,30.40439950898668,69.44887260554316,77.96820245062048,305.5112739445685,70.6,0.22747800387497313,4.721823819438626,0
2023-07-15,31.4592629165111,87.87555175655362,68.03338482747628,200.0,70.5,0.15165696010221075,3.937562617974774,0
2023-07-16,34.5378994979489,81.15596874700394,79.00201492644149,200.0,70.4,0.14371399969092769,6.656035362080224,0
2023-07-17,28.124789194799025,60.15938765937726,68.09645277307187,398.4061234062274,70.3,0.3319217010626752,3.0427862405457082,0
2023-07-18,33.37183250591525,81.33145057624623,69.1291261990835,200.0,70.2,0.14392827904025388,4.252368791492096,0
2023-07-19,31.245193626840305,70.90733937114847,74.8526105685806,290.9266062885153,70.1,0.22576260707048434,3.933398629991678,0
2023-07-20,34.390412811154334,82.75012378995537,50.68188441114805,200.0,70.0,0.15273775726396355,5.320465866803049,0
2023-07-21,31.428298326594252,80.52336073497791,73.13097824843716,200.0,70.0,0.1653462955170731,5.1871865713361105,0
2023-07-22,29.350187736461322,75.13772574594674,57.48385259837508,248.6227425405326,70.0,0.17327246977884292,4.949123523001643,0
2023-07-23,30.637741427947997,80.42260181768832,54.58862171809043,200.0,70.0,0.15343858355485468,5.094408510456113,0
2023-07-24,33.05879264830569,66.2683014386965,59.01822880532025,337.316985613035,70.0,0.25077375566020393,4.759641148491016,0
2023-07-25,29.16245322365846,89.79926121173249,68.65719227745628,200.0,70.0,0.1495398138125411,4.8433462296455,0
2023-07-26,33.830964761982294,76.72508491157369,62.05555165822925,232.74915088426306,70.0,0.1657314774878313,6.322573374983265,0
2023-07-27,28.491315279933726,66.74500693633837,82.89822760246642,332.5499306366163,70.0,0.21028253163366306,3.854580421932444,0
2023-07-28,33.101053237778245,78.95375946863605,65.44712429741197,210.46240531363947,70.0,0.11868715334342961,4.843389141004988,0
2023-07-29,30.65167977076247,76.51139737476039,73.07018048985603,234.88602625239608,70.0,0.1844087250913912,4.315267746021588,0
2023-07-30,32.812400759910126,79.30560799027197,71.6744551599412,206.94392009728034,70.0,0.11689517644455098,6.018771167729281,0
2023-07-31,29.259298371144652,60.96132847433348,59.857957669632555,390.38671525666524,70.0,0.30693191219235744,3.5499225505728393,1
2023-08-01,30.84776735252623,85.8470476602618,66.58901632363292,200.0,70.0,0.1273126493933535,5.733458794594305,0
2023-08-02,28.740494876604156,66.8985326554229,51.71615644373568,331.01467344577105,70.0,0.22886088964894144,4.4811002183760795,0
2023-08-03,33.0619450348595,75.60252901411408,67.65042071303367,243.97470985885917,70.0,0.16504880495165436,4.0416418986501865,0
2023-08-04,32.452087820384016,66.19356507221964,50.466500489379236,338.0643492778036,70.0,0.27392451674215806,6.265908940084675,0
2023-08-05,30.375812037170476,66.56116695632885,88.78094125302209,334.38833043671156,70.0,0.22446096033265556,6.186792841291066,0
2023-08-06,30.1018417957233,78.8578857770174,85.93160824913772,211.421142229826,70.0,0.15155973624683466,4.912538996862689,0
2023-08-07,30.595380434628243,76.21320769727888,78.4881392785241,237.86792302721128,70.0,0.13329003199129288,5.4555237105185315,0
2023-08-08,31.043356626365988,76.19558621038317,74.51467508933567,238.0441378961683,70.0,0.16997584203059798,5.754051903043083,0
2023-08-09,32.787400733229646,60.563145967188724,72.86242148817088,394.3685403281128,70.0,0.2656272888799533,5.193637238747398,0
2023-08-10,30.952198239950818,68.4450625118832,74.34020074123819,315.5493748811681,70.0,0.2484311793721559,4.017324096457795,0
2023-08-11,31.235671740469883,79.35720303859188,81.96537267704593,206.42796961408126,70.0,0.1637231525156182,4.170518998976317,0
2023-08-12,31.508443712577222,69.36867360424728,85.67824344085554,306.3132639575272,70.0,0.18373454700942451,4.276017355137661,0
2023-08-13,29.09905969949421,62.06151316643891,85.54630072250251,379.3848683356109,70.0,0.2787902686231661,6.727218868486007,0
2023-08-14,34.232031204017936,87.52641659649576,72.66507457328355,200.0,70.0,0.16795003190969768,4.221510474946837,0
2023-08-15,30.07405000280772,77.09133860192868,82.19891316379247,229.08661398071317,70.0,0.1568728789088642,5.3466449794349655,0
2023-08-16,33.55212806801579,63.52728014138234,86.63200990292444,364.72719858617666,70.0,0.21640187220730472,4.81993548929416,0
2023-08-17,30.70005231315507,89.02539584152638,53.585444088398106,200.0,70.0,0.161026820194479,3.5378659785591533,0
2023-08-18,30.17172820674744,84.87090783601172,85.84431700373256,200.0,70.0,0.14196805814905758,4.978121397437705,0
2023-08-19,30.610630856455032,75.12257776603754,59.372401357934066,248.77422233962466,70.0,0.18056066540886187,4.213678529137719,0
2023-08-20,34.11643781071021,86.71395488037888,89.56078028319311,200.0,70.0,0.14668269045081703,5.214641344915049,1
2023-08-21,30.503560342767376,66.70689584967066,86.60353827131836,332.93104150329344,70.0,0.22470204348159548,4.693222181352046,0
2023-08-22,34.840030338946676,75.62761050065602,85.12896646222903,243.7238949934398,70.0,0.16629973197139866,3.5246386722338983,0
2023-08-23,30.038975305069084,81.699338804973,54.574399073793536,200.0,70.0,0.11958231165393396,3.839582886072219,0
2023-08-24,30.20807177256555,63.881814907796105,85.78096913355981,361.1818509220389,70.0,0.2987062743353512,3.8668996517254564,0
2023-08-25,31.017399172636843,63.94922209471663,86.88950200644834,360.5077790528337,70.0,0.22492679347792507,4.0763967827016305,0
2023-08-26,33.085278273124885,82.13263896273774,70.08506834131165,200.0,70.0,0.16151666995832953,3.8350730725998026,0
2023-08-27,32.97761819489093,74.77690601664824,60.44131164591231,252.23093983351762,70.0,0.17956749806362676,5.915293179272933,0
2023-08-28,34.08811619308395,82.86068640054248,76.70413794122899,200.0,70.0,0.13866462861780096,4.431909685234951,0
2023-08-29,31.59528798371832,69.15055713343236,52.80274985006579,308.4944286656764,70.0,0.20146192024171802,5.863643507123388,0
2023-08-30,30.296694632923064,67.70173080074694,71.59698285003968,322.9826919925306,70.0,0.2351967293895519,5.1845890796789265,0
2023-08-31,31.838445144744885,88.44286420645496,59.191250730391445,200.0,70.0,0.12740228132652337,2.862628312535882,0
2023-09-01,30.79904493059207,16.48732860245876,8.86752093859064,835.1267139754124,70.0,0.6595101153310994,3.5843796406404924,0
2023-09-02,31.409004516931763,16.38497385802784,19.010501400424214,836.1502614197216,70.0,0.6852291521145416,4.810542402997682,0
2023-09-03,31.388034400163832,12.08460012933868,10.291476408916797,879.1539987066133,70.0,0.6787643047844766,5.4756288135996165,0
2023-09-04,26.10599935379297,26.32519479227249,15.19108532287623,736.7480520772751,70.0,0.5466790813010426,4.292163765047461,0
2023-09-05,31.515267088804805,17.040839839195534,12.553408161851419,829.5916016080447,70.0,0.5160964250123387,3.5463416750107553,0
2023-09-06,28.814213992339987,23.460412291268558,15.240113851210781,765.3958770873144,70.0,0.5071298788814634,4.061406323324112,0
2023-09-07,29.281371331708044,19.9619170940804,5.928664419068292,800.380829059196,70.0,0.5906181366324039,4.315090025330274,0
2023-09-08,26.09115483984484,18.788262403276228,16.041550979714923,812.1173759672378,70.0,0.4776796883716297,4.5481420492498765,0
2023-09-09,27.449484395527165,15.313022378855939,15.540016603024785,846.8697762114406,70.0,0.47486204483375977,6.318064791952341,0
2023-09-10,26.12845881651009,13.849670030387596,11.250206721216157,861.503299696124,70.0,0.4864341010062103,6.1281143250352,0
2023-09-11,29.035440790203282,19.566376596552946,13.96136498023462,804.3362340344705,70.0,0.5564242282419768,4.960122972490078,0
2023-09-12,24.08740918023912,20.545380993508545,12.432234289811014,794.5461900649145,70.0,0.6165698918878184,4.056971462371528,0
2023-09-13,26.45308118864023,24.55607600972059,12.52631258971002,754.439239902794,70.0,0.4416828271716557,4.281408701640438,0
2023-09-14,29.78975296997798,27.62616210449049,14.812018287522267,723.7383789550951,70.0,0.41376819095235806,3.8473918100141242,0
2023-09-15,25.778342696903138,18.69728338863044,13.26815421546057,813.0271661136957,70.0,0.536218809284588,5.042544594880785,0
2023-09-16,29.805477571211433,20.15312036120814,7.164475009166404,798.4687963879187,70.0,0.6213949587366813,3.9583712119201393,0
2023-09-17,29.928052328038067,28.747368048965775,9.435111302351068,712.5263195103422,70.0,0.5687245420431631,4.9736774035299876,0
2023-09-18,31.548948326887192,27.73646923172381,6.901813044643248,722.6353076827619,70.0,0.5690929035912841,4.871865304670184,0
2023-09-19,30.785502185124322,15.707922814087809,11.000216650859297,842.9207718591219,70.0,0.4731644732453443,4.144992741451668,0
2023-09-20,30.49526714138912,16.048241561505233,9.368587462820228,839.5175843849477,70.0,0.5110061332395351,5.270993111388587,0
2023-09-21,24.737814183343772,24.861378135446465,10.853792315599257,751.3862186455353,70.0,0.5641503804553674,6.093132177545678,0
2023-09-22,25.75494512451614,17.15636709432232,15.271450622576683,828.4363290567768,70.0,0.6886317613181986,4.942706506228772,0
2023-09-23,31.38956239287608,16.273134892743958,8.77973505616923,837.2686510725605,70.0,0.4721725678514171,3.6685912885607412,0
2023-09-24,29.820598785707,11.938518316206377,16.046504133593572,880.6148168379361,70.0,0.7127829488011649,4.533567835030064,0
2023-09-25,25.49296519413035,13.46603136311476,7.98799808448741,865.3396863688524,70.0,0.542177468247259,3.910411917892233,0
2023-09-26,30.07408172694075,17.730210636020235,18.223495851571066,822.6978936397976,70.0,0.4619706735794289,4.3699667741821235,0
2023-09-27,25.150856092897474,22.098956620227575,18.687281267001655,779.0104337977243,70.0,0.5573249526693249,4.446190358825324,0
2023-09-28,28.885633161854926,26.095953652184424,6.057530809029215,739.0404634781557,70.0,0.5797536892668976,5.9873174484965865,0
2023-09-29,24.518136764090265,17.72832937775768,18.193721568120537,822.7167062224232,70.0,0.6092679363816903,4.171832889080103,0
2023-09-30,26.708688104568314,22.857983904422213,18.722249938654812,771.4201609557778,70.0,0.6270551267663872,3.7839296796782014,0
2023-10-01,31.73987194282268,19.73899278861618,16.292055058492437,802.6100721138382,70.0,0.6331037011906886,5.828384107233284,0
2023-10-02,29.986084403311335,22.021212142504996,9.57713376575441,779.78787857495,70.0,0.5884577288462395,4.683482089918506,0
2023-10-03,28.151432721098114,21.80959410227043,16.719104823646283,781.9040589772957,70.0,0.6173927680463858,3.9951226394566017,0
2023-10-04,27.66934671042337,19.00328633087897,12.038710764772823,809.9671366912103,70.0,0.606895732547407,5.291923800399095,0
2023-10-05,31.021708354051235,19.52318024437708,14.516441428226285,804.7681975562292,70.0,0.6253816587535038,4.812420333480912,0
2023-10-06,27.71007681076379,23.96960364055483,19.52467984229507,760.3039635944517,70.0,0.5278508786086911,4.743867323966027,0
2023-10-07,24.089492201060928,28.73358001457509,14.530850089313518,712.6641998542491,70.0,0.4347367883545806,7.06184253732883,0
2023-10-08,25.298511523973914,11.857514764982305,7.518579164064207,881.4248523501769,70.0,0.6974367616801528,4.707118255834042,0
2023-10-09,25.589622229702993,23.444913995254122,16.508085450711633,765.5508600474587,70.0,0.5173387698781127,3.6204610851959034,0
2023-10-10,27.849067993144867,22.89855400822931,6.345637933704164,771.0144599177069,70.0,0.5212683491921173,5.467923295840389,0
2023-10-11,31.41551863891555,29.87621789514207,14.024690858245817,701.2378210485792,70.0,0.5688336394637152,3.994575147929559,0
2023-10-12,27.54648079594752,21.513340988718404,5.497407086747338,784.866590112816,70.0,0.5642187580512492,5.880793109328419,0
2023-10-13,31.278637631658977,14.137497627122059,16.823760901461714,858.6250237287794,70.0,0.5998207771786895,3.345953301731865,0
2023-10-14,25.183016009927968,18.894130357684986,13.427159947478282,811.0586964231501,70.0,0.6578531611753868,7.059286798687471,0
2023-10-15,29.621273923720764,27.438652230713863,5.816162840150594,725.6134776928614,70.0,0.4331347124542901,5.446579682485598,0
2023-10-16,26.930606687924143,23.558525133788077,7.317898980271584,764.4147486621192,70.0,0.4330368163214369,4.529076563115423,0
2023-10-17,29.447035007991516,26.816188945074177,12.654136576630894,731.8381105492582,70.0,0.5934731767562643,4.945592414893577,0
2023-10-18,27.71876324529851,28.74354883409241,15.190510255304973,712.5645116590758,70.0,0.59106491102037,3.9266522788906517,0
2023-10-19,24.19041049525799,11.792280192225794,11.149423190547967,882.0771980777421,70.0,0.5281532247105682,6.319229646626545,0
2023-10-20,27.034983863878118,11.065676367900387,8.115735847612857,889.3432363209961,70.0,0.6820692745748621,3.4583900302712434,0
2023-10-21,28.830855710146228,11.786356193394212,11.277709740450597,882.1364380660578,70.0,0.6551636818339093,4.968854826836202,0
2023-10-22,26.28556237721042,23.08546007573878,19.84723134194639,769.1453992426121,70.0,0.5726876077464084,7.248694104325794,0
2023-10-23,26.61250900835622,10.453386940405514,8.40036819328952,895.4661305959448,70.0,0.6880825949834181,3.3646764777343456,0
2023-10-24,26.415225281427183,29.725134299656744,7.475026167649275,702.7486570034325,70.0,0.48199890112323174,4.13448169821836,0
2023-10-25,29.057006968496935,22.48688041308481,12.692593040112921,775.131195869152,70.0,0.45306854714828393,3.8886797556324586,0
2023-10-26,26.23749317043356,15.09310788949448,19.75070663832805,849.0689211050552,70.0,0.49484228530742974,3.4466327614667502,0
2023-10-27,24.880953734642787,22.356884979518068,6.3625980293185425,776.4311502048193,70.0,0.509093656358255,4.119551529362849,0
2023-10-28,26.20382746816502,18.76670913008377,7.591100165211629,812.3329086991623,70.0,0.5442897542223925,5.336569635647207,0
2023-10-29,27.63768381242549,23.447883506050793,19.87165039138661,765.5211649394921,70.0,0.5373879055300055,5.611691271989525,0
2023-10-30,30.816662541879083,11.947922953470389,10.485791034835414,880.5207704652961,70.0,0.5160565262871951,4.328064055498252,0
2023-10-31,29.987930030729117,28.24187461647723,16.421154833787714,717.5812538352277,70.0,0.5164581212957082,5.0532889619011625,0
2023-11-01,30.235928599216678,27.74040366471148,6.570571311643925,722.5959633528852,70.0,0.5473808784862166,5.495434346757678,0
2023-11-02,24.001389256188496,14.969764834840664,9.191238053944392,850.3023516515934,70.0,0.510193182873411,6.408445997703674,0
2023-11-03,29.01029177603516,25.072178106250064,17.783362395711535,749.2782189374993,70.0,0.48079842458124267,3.914161381031775,0
2023-11-04,31.825757931224537,22.857970539881745,18.12410988478625,771.4202946011826,70.0,0.5447294198009953,4.8626418174051,0
2023-11-05,25.134109661223828,24.1794959079742,14.998100414470137,758.2050409202579,70.0,0.5450495450565238,6.419592826324921,0
2023-11-06,28.68047494417881,22.473040265038524,9.675735796650843,775.2695973496147,70.0,0.6132090119335378,5.252654367776914,0
2023-11-07,31.57364447716108,27.767426612677532,6.87417844698069,722.3257338732247,70.0,0.5124535601227215,3.0290018728450963,0
2023-11-08,24.85543413910158,21.37462423490736,8.78585013088846,786.2537576509264,70.0,0.4733994528480095,2.999674913305604,0
2023-11-09,30.60237993740945,29.88511221279194,16.824338295107673,701.1488778720806,70.0,0.47620918917491134,3.887369453281545,0
2023-11-10,28.011619963052517,18.342004262257095,10.089628810118924,816.5799573774291,70.0,0.511336721732004,4.942926320656319,0
2023-11-11,29.763529592261158,27.29621914353149,9.915920457637228,727.0378085646852,70.0,0.5677573120452621,7.041232104893045,0
2023-11-12,30.62028295161813,17.58079460288402,6.21668477081019,824.1920539711598,70.0,0.49141776835904255,6.475733077449134,0
2023-11-13,26.249037130916896,23.34304468448219,17.035944871044425,766.569553155178,70.0,0.6200915725536413,6.133508043812546,0
2023-11-14,28.780200699022057,26.312200750000773,5.7113566664527635,736.8779924999922,70.0,0.5213707724360453,6.144246924013491,0
2023-11-15,26.65719535996567,17.352669756154427,9.596166976676397,826.4733024384558,70.0,0.5363671451541161,4.612623737655187,0
2023-11-16,25.75491210242238,16.16246210271824,15.322381725445338,838.3753789728175,70.0,0.4957976260385846,3.8373141345331727,0
2023-11-17,24.403412856916464,11.138140789286275,18.92875302108482,888.6185921071373,70.0,0.7177281932076396,5.821094319671573,0
2023-11-18,27.73517608464504,12.53772189177389,12.888115103209518,874.6227810822611,70.0,0.6454803327469574,4.00029927227286,0
2023-11-19,28.392776751656363,12.086277918588937,10.650213045921221,879.1372208141106,70.0,0.5130819575495185,5.271444318149885,0
2023-11-20,30.474666535068906,12.954189496300039,8.542809773737485,870.4581050369997,70.0,0.5781062981977065,5.63794474508874,0
2023-11-21,30.6830860147115,25.27071537599029,17.42152393354975,747.2928462400972,70.0,0.5849060031938347,4.424083693270331,0
2023-11-22,31.400178304525703,23.133726010723272,8.26861529561522,768.6627398927673,70.0,0.6319305066951546,4.038426885005541,0
2023-11-23,26.786140295514087,19.904379472608117,17.35805168671303,800.9562052739188,70.0,0.4865021556463523,5.372197417815295,0
2023-11-24,24.47483201203631,22.55536540405842,15.945466694059915,774.4463459594158,70.0,0.5841327054191474,4.327870056506974,0
2023-11-25,27.225010850566488,19.753956469528823,10.015305469599,802.4604353047118,70.0,0.48886623956152264,4.576430522562718,0
2023-11-26,26.037493219176717,15.428885774760083,19.427652790447326,845.7111422523992,70.0,0.5302736164715512,6.668177568682774,0
2023-11-27,24.288995529650297,12.236995244109067,11.383667199122375,877.6300475589094,70.0,0.709324461693837,5.192070631292104,0
2023-11-28,28.177452967357407,13.519774301417398,11.996682612037024,864.802256985826,70.0,0.6052009902234582,5.1204385627693965,0
2023-11-29,28.721424246520144,10.678900853472335,13.414866187323874,893.2109914652766,70.0,0.6019093624791294,3.3437087917440294,0
2023-11-30,29.953072566589086,22.071684164383786,14.908606764510736,779.2831583561622,70.0,0.6228852515735547,6.376512366655035,0
2023-12-01,18.664249008765292,42.0565266104055,16.63248457476235,579.434733895945,70.0,0.4854746452959991,3.347248208925545,0
2023-12-02,21.785095696190023,46.76655529052307,19.937919046420202,532.3344470947693,70.0,0.3291063533689208,6.192845453600864,0
2023-12-03,21.033477809202033,42.40657155524515,18.882599586827205,575.9342844475485,70.0,0.39510029077377445,3.8427602017306914,0
2023-12-04,20.37667077304348,30.363258540434153,17.469163757086264,696.3674145956584,70.0,0.4047653957385664,5.729625580978709,0
2023-12-05,21.816705692444508,20.468204478020077,26.696375022077127,795.3179552197992,70.0,0.6655423083295798,3.16964747754044,0
2023-12-06,24.07277408544735,46.27221563877812,20.67322898775852,537.2778436122187,70.0,0.3078624627036675,2.8655751529433524,0
2023-12-07,22.21668538825878,26.09559048781166,28.451428066247185,739.0440951218834,70.0,0.552367511982378,3.530796624695201,0
2023-12-08,24.61371535611248,47.16453119041816,12.160643154069607,528.3546880958185,70.0,0.4123665275429053,5.149414528473113,0
2023-12-09,23.830493179129235,24.19776704479867,10.347703308523922,758.0223295520133,70.0,0.4918938473193994,6.718072368161216,0
2023-12-10,20.85761819562357,47.05342751670517,18.02718145450037,529.4657248329482,70.0,0.3695764765891746,4.099607429278577,0
2023-12-11,19.918382906863627,39.6944330388985,17.98817153447748,603.055669611015,70.0,0.4899328321275106,3.037461077169881,0
2023-12-12,18.238909814415944,42.084811079014635,20.661174392532413,579.1518892098537,70.0,0.3771900569849175,5.134076780361769,0
2023-12-13,19.85952050232653,28.81322726553632,14.951653251929628,711.8677273446368,70.0,0.487564411860914,3.102556175899429,0
2023-12-14,24.864794724973258,41.50084206942109,12.237606573693318,584.9915793057892,70.0,0.4208376085169267,3.4392849884585663,0
2023-12-15,21.008011654215508,35.282930984207916,12.818236929290471,647.1706901579208,70.0,0.4832211043041786,2.740067960262611,0
2023-12-16,20.930292821934763,34.4589566742635,13.179543599865974,655.4104332573651,70.0,0.4886118857527967,6.547897996797802,0
2023-12-17,23.260876171613006,26.856453082014582,27.29066076525799,731.4354691798542,70.0,0.5826721855137181,6.004481453318932,0
2023-12-18,19.072027916177042,36.639494326874384,25.722079750906257,633.6050567312561,70.0,0.462394467699395,5.042703591554455,0
2023-12-19,18.637634654257905,22.84744253063168,28.52519200010853,771.5255746936832,70.0,0.6039732425643062,4.020847443500465,0
2023-12-20,24.030558213282408,33.77396927678926,21.620399336845992,662.2603072321074,70.0,0.49010968524475296,4.3325837859988585,0
2023-12-21,23.175021345047384,35.874507721541114,14.619364915799062,641.2549227845889,70.0,0.5066018023800085,4.56320061746046,0
2023-12-22,22.352004370148023,46.24938297647396,29.434379553282607,537.5061702352604,70.0,0.3022465132415555,3.423391961922578,0
2023-12-23,23.369050195378584,30.37762792731963,13.851392410289824,696.2237207268037,70.0,0.4485054843207305,7.155746303392132,0
2023-12-24,19.340076510128526,25.64905170036089,12.484626048041763,743.5094829963911,70.0,0.4328111289985155,4.967129480115755,0
2023-12-25,20.828350394227005,38.721242199040844,25.686464471753794,612.7875780095915,70.0,0.43785706405430325,4.470885318723052,0
2023-12-26,18.15227232865847,46.45265822149594,26.777148198372302,535.4734177850406,70.0,0.3096828324983445,4.1055392195655065,1
2023-12-27,19.254366270605686,45.71763679030845,13.405422289298151,542.8236320969155,70.0,0.4009187927944106,4.548055968799789,0
2023-12-28,20.719817828245905,47.565064557567126,17.159840339294927,524.3493544243287,70.0,0.4172534343963171,4.692616528124802,0
2023-12-29,20.606708429780983,21.565406834229453,10.939203668803522,784.3459316577055,70.0,0.5906707618147957,3.701204628406731,0
2023-12-30,19.066343558460098,36.31832270090377,10.533030050509192,636.8167729909622,70.0,0.40095871061134897,5.044822026533717,0
2023-12-31,23.313279627461327,44.15395228545401,23.35911623791035,558.4604771454599,70.0,0.3170672262242163,4.338052282062066,0
2024-01-01,21.78771376858184,42.77752267299269,18.732859948210233,572.2247732700731,70.0,0.47391751626070877,3.424609810923237,0
2024-01-02,24.114580366396233,40.77407755132374,25.68955186558627,592.2592244867626,70.0,0.3639531921709254,5.993583729921391,0
2024-01-03,19.636981743774086,37.11464526060192,19.34680872247994,628.8535473939808,70.0,0.5029362982742065,5.247512156097646,0
2024-01-04,18.600769967773147,34.83335999235159,11.930557316445752,651.6664000764841,70.0,0.38841638928389605,3.496269667532856,0
2024-01-05,22.211439358960128,47.18494915052921,27.864043630335136,528.150508494708,70.0,0.4435431151402043,6.204420938587482,0
2024-01-06,22.44291120903292,48.16538117188257,23.409472358101,518.3461882811742,70.0,0.36965038166961645,3.661855008758097,0
2024-01-07,23.347312516959203,25.20797760846955,26.20520708163455,747.9202239153044,70.0,0.4965700499311659,6.299018225237158,0
2024-01-08,18.69786015907571,46.54536746698216,20.590592582986165,534.5463253301784,70.0,0.3111027656380493,5.190718883830321,0
2024-01-09,23.50295829837191,48.78640667194894,16.338677838798198,512.1359332805107,70.0,0.31224748510066247,5.397959734804769,0
2024-01-10,22.670768204794136,28.61921079188052,19.65218580224314,713.8078920811947,70.0,0.5169495150560501,3.115292809214475,0
2024-01-11,23.305859651239793,47.36700591482126,16.173294623723038,526.3299408517875,70.0,0.3932327580374091,4.105586432783481,0
2024-01-12,23.439347829657457,23.724061354448693,14.243739595027268,762.7593864555131,70.0,0.5428249321517011,4.872643506723133,0
2024-01-13,24.576455051096,22.838468670841554,18.310692385502943,771.6153132915845,70.0,0.5315895990951769,6.61685928935328,0
2024-01-14,19.38677749154609,21.566688152328677,15.64509477562914,784.3331184767133,70.0,0.4683482015474331,4.142913313847462,0
2024-01-15,19.374387889176006,48.93492933636249,18.337920201613272,510.6507066363751,70.0,0.2871101159626126,3.094203367869473,0
2024-01-16,21.15217207725306,25.27920469402641,22.543223278739134,747.2079530597358,70.0,0.5243007055355962,4.3711452182896275,0
2024-01-17,23.56656198132527,44.86560712102416,26.4803897988731,551.3439287897584,70.0,0.43341234953114605,4.424649194173011,0
2024-01-18,20.828199950626708,30.268062939802938,25.443947798688797,697.3193706019707,70.0,0.42206268872693165,3.5040405270224886,0
2024-01-19,18.70744019432524,21.641103259063335,25.455651718978793,783.5889674093667,70.0,0.5888776796180779,4.779292784578303,0
2024-01-20,23.640641073566474,46.605584448493445,24.551339965593293,533.9441555150655,70.0,0.4407289043594168,5.117256435107558,0
2024-01-21,19.153089932957986,44.12946672960017,29.805042288102293,558.7053327039984,70.0,0.3276696179085091,4.305023052424864,0
2024-01-22,24.3705029345185,40.127249394330036,15.812307628806987,598.7275060566997,70.0,0.3733826868429085,3.446357363470202,0
2024-01-23,19.544886383284187,49.20614029308244,25.237443081644106,507.93859706917567,70.0,0.32219454485930993,4.561549929565329,0
2024-01-24,23.8527035901397,43.464163342427454,11.787490207866462,565.3583665757254,70.0,0.3382144653279156,5.443588744433314,0
2024-01-25,18.485037039793003,41.28979384870789,28.891480655669003,587.1020615129211,70.0,0.4852079202257792,5.509924359241677,0
2024-01-26,18.458093953271366,48.91136710027867,13.29797937220028,510.8863289972133,70.0,0.3390085454142994,4.776660395997792,0
2024-01-27,19.314521524199176,25.3776963352287,11.95042105525716,746.2230366477129,70.0,0.5529413865177263,6.048299457806127,0
2024-01-28,24.502757523418552,20.569578096493682,19.711744057879777,794.3042190350632,70.0,0.661418947112164,4.375267169267494,0
2024-01-29,23.563818366198287,20.339708952787706,17.02099657176342,796.602910472123,70.0,0.5241799650322116,5.9819447927910705,0
2024-01-30,21.97993328333001,49.36626566800997,11.633587062717798,506.3373433199003,70.0,0.39750299545301926,5.029311081066893,0
2024-01-31,24.208038180898587,36.38208597621603,16.425572436884853,636.1791402378396,70.0,0.412533409934494,5.25737213217531,0
2024-02-01,19.78168366264261,34.241550211186905,18.437037321051932,657.5844978881308,70.0,0.5113363638058228,3.837980234771959,0
2024-02-02,21.553671205865637,24.978529850055352,28.719473402827916,750.2147014994465,70.0,0.560247041166358,3.944594746584717,0
2024-02-03,22.021189443680953,21.36555632066313,27.5732251080743,786.3444367933687,70.0,0.5146653990197947,6.979034330064781,0
2024-02-04,20.985242509738946,30.011148514501034,11.355547234430002,699.8885148549896,70.0,0.5211812405501962,4.864006814734524,0
2024-02-05,19.208979141244782,39.271080724180194,26.814214426525197,607.289192758198,70.0,0.340368558999886,3.850520537201026,0
2024-02-06,22.602256712661568,20.147361304794295,16.80124739379007,798.526386952057,70.0,0.6049553736440688,3.972241531549525,0
2024-02-07,18.947000260643755,45.546506499814065,16.69263056625667,544.5349350018594,70.0,0.36848765215802887,5.682369751680696,0
2024-02-08,19.23333591068634,49.33959916373635,25.48222725482076,506.6040083626364,70.0,0.3853831400676122,4.220721002349283,0
2024-02-09,21.261266480935483,38.9145474517778,24.51193024451549,610.854525482222,70.0,0.3813248350861563,3.605623971185291,0
2024-02-10,22.278732262128223,22.083886657883053,28.391808638200125,779.1611334211694,70.0,0.6190587011489657,4.736777358137291,0
2024-02-11,19.492300429286285,41.980063636039766,20.60291695292196,580.1993636396023,70.0,0.4493723712288559,5.851681246845793,0
2024-02-12,20.362839665408938,36.06196448033428,24.754714544352318,639.3803551966572,70.0,0.48405981168024614,4.186577174169535,0
2024-02-13,22.459035143146455,46.395254588146514,24.89343292397983,536.0474541185349,70.0,0.36298120402107936,5.460740771089069,0
2024-02-14,23.331645366026386,44.60439391133359,18.399006157173858,553.9560608866641,70.0,0.4290219090004794,3.7643589191021234,0
2024-02-15,22.91311031521093,41.91964533836885,13.87057645747203,580.8035466163115,70.0,0.41322439224560165,4.722264931454147,0
2024-02-16,20.26958035405321,48.40093052609106,22.554996074653314,515.9906947390895,70.0,0.41401460425390924,3.881032354484736,0
2024-02-17,21.153721108236695,39.2923412379346,10.84878631002596,607.076587620654,70.0,0.4893050855935078,6.195089045538218,0
2024-02-18,23.335157823712365,27.82991063075714,11.78260775638651,721.7008936924285,70.0,0.4806473418196698,7.530415407805308,0
2024-02-19,24.28911148300438,33.19407161615714,20.404150659328764,668.0592838384287,70.0,0.4116415538289488,2.9462262645805684,0
2024-02-20,19.638486812037208,25.882318478873948,20.975609520650327,741.1768152112605,70.0,0.5976322834583083,4.122071729609576,1
2024-02-21,18.957787814894935,46.75449793693001,29.176547081243022,532.4550206306999,70.0,0.3378719697503375,5.294841373101082,0
2024-02-22,24.515570900636266,38.86140630918074,22.331555852738386,611.3859369081927,70.0,0.5047876241416809,4.26798358660818,0
2024-02-23,24.938641837165726,31.86550675141284,17.135550223754198,681.3449324858716,70.0,0.4067036956116315,3.8640995526012296,0
2024-02-24,19.768217810332523,39.94322059825984,19.250756302983703,600.5677940174015,70.0,0.4357944143647937,5.245874723425349,0
2024-02-25,24.917289765120803,24.357661610060127,19.81001242545986,756.4233838993988,70.0,0.4597323901585745,6.552442902379481,0
2024-02-26,21.443630506638836,47.18179678744957,13.21091494593019,528.1820321255043,70.0,0.41624602364997143,4.45877293585224,0
2024-02-27,22.11726056423266,37.85191971703975,13.102949236920516,621.4808028296025,70.0,0.4527906633346018,3.1769649624235834,0
2024-02-28,21.842175033545445,36.311266701443685,28.881976726705794,636.8873329855631,70.0,0.4480060728551311,3.7791703811354203,0
2024-02-29,21.54365762830805,30.20033745158728,22.41075123365083,697.9966254841272,70.0,0.5626375190313735,3.121742111795063,0
2024-03-01,25.84506052223778,10.970839246012469,5.878917094302846,890.2916075398754,70.0,0.6788872154340104,3.581790976531101,0
2024-03-02,30.030593167619113,17.63764070961935,19.308560877748125,823.6235929038065,70.0,0.6863017018822257,4.548945979595733,0
2024-03-03,25.399708659803895,13.822404443464624,9.173227637195453,861.7759555653538,70.0,0.5105270410592765,6.338501366494273,0
2024-03-04,25.412778954106102,26.927786236230034,7.56458337739588,730.7221376376997,70.0,0.44009743578806715,3.923124578163638,0
2024-03-05,24.022266918491084,18.7904888223266,17.215070570829646,812.095111776734,70.0,0.586487879017219,6.378254699890926,0
2024-03-06,31.26413205893641,28.559873779203734,8.236763044747882,714.4012622079628,70.0,0.5724094123119314,5.791008372690356,0
2024-03-07,29.341391753364242,29.496011511478997,11.527486230723571,705.03988488521,70.0,0.5417389760140485,4.5807805992903745,0
2024-03-08,24.552779083390988,26.177220590351588,12.660769496527942,738.2277940964841,70.0,0.5726418333619063,4.23397088105893,0
2024-03-09,24.67716450456266,25.341485817159366,14.098656405678929,746.5851418284064,70.0,0.4336490479853127,5.212461562493223,0
2024-03-10,31.387546209845343,12.401359717632713,15.668615509108673,875.986402823673,70.0,0.5490681247139494,3.957380481235797,0
2024-03-11,26.251339543497274,10.741855675066713,8.31895489461596,892.5814432493329,70.0,0.7457453485355746,3.4416521913198608,0
2024-03-12,29.102697596635853,14.805782778779843,11.69545308626985,851.9421722122016,70.0,0.5950457539184505,5.987360818728995,0
2024-03-13,31.842461022143592,25.678675799558135,7.303570572386864,743.2132420044186,70.0,0.47557741451444396,4.198016351716518,0
2024-03-14,25.55978327142692,16.814553500273142,17.33077316052338,831.8544649972686,70.0,0.5927083809243604,5.833723278828175,0
2024-03-15,24.32414824511816,11.556274342798156,16.030328533030385,884.4372565720184,70.0,0.5928782829676316,5.282549390847721,0
2024-03-16,29.188241469554537,29.448394384446324,13.815971790718224,705.5160561555367,70.0,0.5331942086513848,4.5799041375179605,0
2024-03-17,31.3916310207532,19.170504028982155,17.977686135242713,808.2949597101785,70.0,0.6546119706492256,7.1465466050897755,0
2024-03-18,28.274269241589252,25.53598276327247,8.286575586092164,744.6401723672753,70.0,0.4990156628754744,4.565278212398032,0
2024-03-19,26.636643053852282,11.352326886662574,13.613109261132525,886.4767311333742,70.0,0.5418222518430732,5.54467281739254,0
2024-03-20,28.744980272946098,16.285269322876083,10.250932855328946,837.1473067712392,70.0,0.5211356871515199,5.384270537448335,0
2024-03-21,28.474736335651038,28.392097557738744,5.283767409116155,716.0790244226125,70.0,0.5099944419702639,4.893359364452125,0
2024-03-22,25.174579337975022,19.19884124433951,18.02772826275765,808.0115875566049,70.0,0.5063746760788648,6.3407648298301185,0
2024-03-23,28.056273471752704,17.210559331068048,13.486222905422638,827.8944066893195,70.0,0.6920691981296625,7.68763532528344,0
2024-03-24,31.51435699891981,13.846925930365623,8.39866964801669,861.5307406963437,70.0,0.6770079015024613,6.773360884155304,0
2024-03-25,26.876023989261782,22.766343010383498,18.61181167747119,772.3365698961651,70.0,0.48346023697700596,4.026867680905831,0
2024-03-26,27.082626954907013,21.241199378017896,7.740129296303112,787.5880062198211,70.0,0.6251410424050249,4.819796740059107,0
2024-03-27,28.061978388547118,11.489572522810983,18.762114242017137,885.1042747718901,70.0,0.6329189654288434,5.48249505447382,0
2024-03-28,29.860562301101602,11.802537124857801,17.951027353419754,881.974628751422,70.0,0.5257237086395692,3.150088706690177,0
2024-03-29,28.751294675706664,11.73114523074797,19.23325980956571,882.6885476925204,70.0,0.6537343139407347,3.921588857593334,0
2024-03-30,27.60075054331832,22.132975959210086,10.202076646698005,778.6702404078991,70.0,0.6031399810899934,4.285299507774981,0
2024-03-31,26.680574697603024,19.09831089365936,5.496052824609602,809.0168910634063,70.0,0.5859207175605,7.62921631510149,0
2024-04-01,25.24356012415052,26.560697801125684,11.112177728800695,734.3930219887432,70.0,0.5892949170840437,3.7199598258768822,0
2024-04-02,24.983922518359236,19.184508720894755,8.75093822750542,808.1549127910524,70.0,0.5596313786879596,4.777273178819872,0
2024-04-03,24.28634940859567,14.546730137829648,7.799908871881109,854.5326986217035,70.0,0.6992161878911441,3.0245834630960995,0
2024-04-04,31.57607037233301,23.56943792755869,13.497390342643573,764.3056207244131,70.0,0.5057729301079803,5.121367161322824,0
2024-04-05,26.101278487827496,21.062612947930685,12.798668546773353,789.3738705206932,70.0,0.48429940630523394,5.657519787455127,0
2024-04-06,29.030800489299686,19.137560134318164,11.940659764065625,808.6243986568184,70.0,0.47709111736704257,3.74266656763007,0
2024-04-07,24.547930809586447,15.33938954156272,9.194985733687112,846.6061045843728,70.0,0.6965184878022124,7.0111680123366416,0
2024-04-08,25.672350764074455,21.269118633747958,15.57931016639012,787.3088136625204,70.0,0.4962771238634712,4.009539759859208,0
2024-04-09,26.590822795299374,21.42991495258001,5.339675728075191,785.7008504741999,70.0,0.5797573366387022,4.771046455212409,0
2024-04-10,27.45113259188078,19.971789916617034,13.692895263567575,800.2821008338296,70.0,0.48721087079231323,4.11819395067492,0
2024-04-11,30.04962312283957,26.670575333768014,11.082341011673522,733.2942466623198,70.0,0.5707522566323056,3.602147541691911,0
2024-04-12,27.48238060843983,15.90662606466645,11.011218562107722,840.9337393533355,70.0,0.6171516115320919,4.753847393335262,0
2024-04-13,25.929829906738462,18.767161325544095,12.142891579966161,812.3283867445591,70.0,0.6414050638334128,5.397552902982017,0
2024-04-14,28.472239612982882,25.518814858835277,12.498429605039032,744.8118514116472,70.0,0.5099667657038095,7.24138549922938,0
2024-04-15,26.641536202017026,22.29712719737131,10.556521027191446,777.0287280262869,70.0,0.45718833340707205,3.2761880673761414,0
2024-04-16,29.263669015658206,10.400257905106187,15.469344955883154,895.997420948938,70.0,0.5051556147340406,4.872900674725874,0
2024-04-17,25.57374054109564,24.56958583747105,5.704821072945408,754.3041416252895,70.0,0.6203379634316613,2.8231754438855434,0
2024-04-18,24.690941604044404,11.756415654948523,8.940908462120838,882.4358434505148,70.0,0.6981807745174134,3.8751493124957563,0
2024-04-19,24.057111558913075,26.647132993771667,17.041909729416062,733.5286700622834,70.0,0.46185838676444524,4.470577626737931,0
2024-04-20,26.139310309259564,14.920370802862767,6.374924884980251,850.7962919713723,70.0,0.7119537977959235,6.276269300709155,0
2024-04-21,31.89597750294563,27.071754084415815,17.052604141773685,729.2824591558418,70.0,0.577474941290179,4.576587657302046,0
2024-04-22,30.76675215339763,21.40356454626872,8.268368768209033,785.9643545373128,70.0,0.5742965756826206,3.967340010735631,0
2024-04-23,27.354961415616696,17.084808095653703,7.8300081940860515,829.151919043463,70.0,0.6304429196769068,4.692827427709947,0
2024-04-24,25.107367340912003,22.72591972102265,12.920611898764715,772.7408027897735,70.0,0.5633076507615041,4.098672813803535,0
2024-04-25,29.591082276351685,25.430559330034725,18.88552912301199,745.6944066996527,70.0,0.6234262136871696,3.592766686707897,0
2024-04-26,25.532567096377022,12.696369629010022,13.87729831045979,873.0363037098998,70.0,0.5544433244079077,3.881124247289939,0
2024-04-27,24.66745364300924,24.350617198291186,6.22953277999619,756.493828017088,70.0,0.46491511627875826,6.330291254003742,0
2024-04-28,25.721381495780182,11.728998541326485,15.36655698627335,882.7100145867352,70.0,0.6965326679991191,5.8327862157318275,0
2024-04-29,31.875496549191386,13.505431052804237,11.6320124331869,864.9456894719576,70.0,0.553703654340737,5.097517704832623,0
2024-04-30,24.141200737043583,22.032815154194978,16.75083961217915,779.6718484580502,70.0,0.6265933526018922,5.372090359698307,0
2024-05-01,26.28129941351861,11.730194497332715,16.822372146200884,882.6980550266728,70.0,0.6839081102642518,4.83989709400727,0
2024-05-02,26.660277256052318,21.07105598290964,12.304351341799121,789.2894401709036,70.0,0.5374972335269835,5.869840193556633,0
2024-05-03,28.823408289907825,28.345921193376302,13.539914055571298,716.540788066237,70.0,0.5866306209293403,3.2926325396650378,0
2024-05-04,27.87940785598275,13.536732584894747,7.364891665819471,864.6326741510525,70.0,0.6046484593952955,6.821959959663041,0
2024-05-05,29.93905232092659,29.591816857273862,9.47198414102865,704.0818314272615,70.0,0.5875653072974311,6.49985254349842,0
2024-05-06,30.29192837014709,23.610834545259422,16.028256559379777,763.8916545474058,70.0,0.6294286914907168,3.8224911429261743,0
2024-05-07,26.419448205255136,10.755586879255883,5.8741212333811825,892.4441312074412,70.0,0.6302050917649648,4.958781695673512,0
2024-05-08,27.08950225108606,21.464693218649707,7.860185167827963,785.3530678135029,70.0,0.6019188895945634,3.370454811317959,0
2024-05-09,29.31450228846732,29.256274485969257,18.91909679326488,707.4372551403075,70.0,0.5507594599159247,5.451421417351176,0
2024-05-10,26.696703898562617,26.853949692229232,17.32175271992694,731.4605030777077,70.0,0.5518375315199839,3.522894274077254,0
2024-05-11,24.721825201216102,24.849882751644948,12.581311460843033,751.5011724835505,70.0,0.497621370012545,4.182636877852515,0
2024-05-12,29.59244393932959,19.551944864554375,13.766900469969462,804.4805513544563,70.0,0.6653331699421201,3.7187433940942753,0
2024-05-13,25.922191040211786,25.310398837912935,8.649418616181773,746.8960116208707,70.0,0.4538317468314348,3.118789873491661,0
2024-05-14,27.364149914544747,11.381429752775656,6.807425649050165,886.1857024722435,70.0,0.6217314184156522,4.899436580849982,0
2024-05-15,25.394637033328408,10.343613202623798,17.989952193728293,896.563867973762,70.0,0.6976898378457406,4.267352608060092,0
2024-05-16,31.035750375738928,15.913233701397791,14.226589767655277,840.8676629860221,70.0,0.5300753690934422,4.132195948470451,0
2024-05-17,24.078846521495386,11.525513122499797,18.566800643537476,884.744868775002,70.0,0.5691536379607508,4.121366200792829,0
2024-05-18,29.430414555696977,14.956045666284536,11.056510172540705,850.4395433371546,70.0,0.5089722066293442,6.8121911779143085,0
2024-05-19,30.533894017827407,28.194173213341756,11.09529755973252,718.0582678665825,70.0,0.5860613521173137,7.705063095999623,0
2024-05-20,27.60022659608248,29.073305560202247,9.21154336182674,709.2669443979776,70.0,0.503780853143375,2.8273132205975067,0
2024-05-21,26.81360102860957,22.67284661207674,19.94154998516273,773.2715338792326,70.0,0.541168706096794,4.965754287157725,0
2024-05-22,28.664052767614194,25.655784374356184,17.14869255516534,743.4421562564381,70.0,0.41847512001492765,5.8379889266915335,0
2024-05-23,27.501933677662144,14.589775579617255,16.510152573383223,854.1022442038274,70.0,0.5333400685488809,3.59924526967367,0
2024-05-24,30.24964942257212,14.142220569204815,5.185274895756295,858.5777943079519,70.0,0.6212244888258805,4.797827992923937,0
2024-05-25,25.37292660788854,23.377121025245394,14.956245893329159,766.2287897475461,70.0,0.44586509754494513,6.8724283823718535,0
2024-05-26,30.981833557382107,25.07638245799413,14.133284065310852,749.2361754200588,70.0,0.5915903048585358,5.140651398493185,0
2024-05-27,31.224758582416968,27.325417086845228,12.474512755643966,726.7458291315477,70.0,0.5180195704393294,3.192229866814215,0
2024-05-28,29.77203395333884,16.042101890452077,5.8057557593911735,839.5789810954792,70.0,0.5373192321138917,5.931765625627492,1
2024-05-29,26.75711711128472,16.787419632684795,13.038841473100174,832.1258036731521,70.0,0.6224110424481577,4.3798980320041885,0
2024-05-30,25.062933327872514,12.28612336205806,9.655861322762636,877.1387663794195,70.0,0.5162426852916373,3.515422901772152,0
2024-05-31,24.384417186087767,27.047019155394015,8.774223151841536,729.5298084460599,70.0,0.5936300939413172,5.497411763463599,0
2024-06-01,32.33075850320949,83.33220097659259,59.320191771586416,200.0,70.0,0.14739739765741947,6.263855867219783,0
2024-06-02,31.144268521637407,75.6445609530823,86.22705507544936,243.55439046917692,70.0,0.16375638418849098,6.12158294292936,0
2024-06-03,28.070625852188513,86.38045165311114,79.11327232151437,200.0,70.0,0.13390454794218437,5.084850167258205,0
2024-06-04,33.37045484291578,66.2870038467552,78.29198899757948,337.129961532448,70.0,0.21724524358146405,4.08975612208515,0
2024-06-05,31.4845830542765,75.56045124380626,84.79430580390056,244.39548756193741,70.0,0.20497412267458764,4.099571361224643,0
2024-06-06,33.70700569309761,76.40731333812599,64.98168015383317,235.92686661874006,70.0,0.1656510886533892,3.4657547282933856,0
2024-06-07,33.1154108842853,67.23820409947207,68.76906562053404,327.61795900527926,70.0,0.2740548670839401,5.049169101512367,1
2024-06-08,33.75504026476436,63.17925703240633,68.63107684119255,368.2074296759367,70.0,0.2096521135547369,4.456106323637827,0
2024-06-09,29.442502685347293,80.1818975116638,52.33369372516717,200.0,70.0,0.13694428201522196,4.473484728495295,0
2024-06-10,33.19270580947468,80.57368175446558,74.32506269366499,200.0,70.0,0.11388049988764304,3.9267559264799146,0
2024-06-11,29.518153327792305,77.79393264593757,63.58886016177729,222.06067354062432,70.0,0.17241396127689762,3.834515172677309,0
2024-06-12,31.746200842809593,85.64200961954057,67.90428339389811,200.0,70.0,0.1129979520491724,5.6116719325857005,0
2024-06-13,32.20965450160116,77.55059601177265,58.27066242826881,224.49403988227346,70.0,0.1413634109829579,3.227527668593318,0
2024-06-14,29.038836228067492,67.20409003284111,56.36526743449006,327.9590996715889,70.0,0.18901700723998355,3.674528376746306,0
2024-06-15,30.853406186265527,77.62991804783478,56.696902057007975,223.70081952165222,70.0,0.16213476444357985,4.090786120969667,0
2024-06-16,31.131825018176002,76.36757978286735,61.93870537043325,236.32420217132645,70.0,0.1369704290457429,6.840543842062109,0
2024-06-17,33.771874383643755,83.08107471054643,70.14230330591687,200.0,70.0,0.15197497142587973,4.28612628287472,0
2024-06-18,28.812840425571213,72.53902242477407,84.36648299581321,274.6097757522592,70.0,0.21914413184080658,5.162581624316733,0
2024-06-19,32.46902186439403,83.02335274290908,88.26217036666444,200.0,70.0,0.1201257794531323,4.524842237723641,0
2024-06-20,31.173923373665517,89.85382313873637,76.4562835106789,200.0,70.0,0.11771274371203744,3.5996651747173765,0
2024-06-21,34.823625106694124,86.10460953842592,66.91632991643323,200.0,70.0,0.13902520302959798,3.2276500541300153,0
2024-06-22,32.64134501215431,65.67934961620037,71.5230712460598,343.2065038379963,70.0,0.257730643875875,6.663874612319989,0
2024-06-23,28.74829194698826,80.77667366429075,77.32549655525499,200.0,70.0,0.16419927918183838,5.491109901684192,0
2024-06-24,32.4042098595908,83.5450496535916,84.55422842221223,200.0,70.0,0.16108833326405808,4.176438885309888,0
2024-06-25,30.00728637219223,76.42810115532924,67.85363175242776,235.71898844670758,70.0,0.16757468594697175,3.6637577274900255,0
2024-06-26,30.488976879322276,65.06037032705756,70.73515740174366,349.3962967294244,70.0,0.24722199064989073,4.254539204910798,0
2024-06-27,34.72993599807056,71.30132094830124,72.12098402267969,286.98679051698764,70.0,0.1885873907181161,3.005967412130811,0
2024-06-28,31.84337259739297,89.20347362136268,56.845352432171026,200.0,70.0,0.12835228757246803,4.000528263580656,0
2024-06-29,34.657648118589506,74.72569554508496,54.43491177910733,252.74304454915043,70.0,0.14820270591818638,4.911358614713576,0
2024-06-30,30.952354127060662,82.48244946677877,69.841427910644,200.0,70.0,0.11378472627468068,5.598780512356143,0
2024-07-01,34.76285227873671,84.58361537541896,70.95414717504391,200.0,70.0,0.12749147813520548,5.775733353339554,0
2024-07-02,34.178307574547695,66.01875520152235,67.27053501654518,339.8124479847765,70.0,0.2741992097048755,3.9243254818253934,0
2024-07-03,28.448923329373248,70.09043819614126,85.76077093299185,299.0956180385873,70.0,0.17722521054485216,4.576566927918105,0
2024-07-04,28.327883664973374,85.18267899168382,63.1051838630548,200.0,70.0,0.1370100460936126,4.595337687992759,0
2024-07-05,32.71128710174257,72.11340319151132,55.35282345066416,278.86596808488673,70.0,0.22041805444623788,6.091262457459774,0
2024-07-06,34.83826643401779,83.77031915937859,74.50268372805763,200.0,70.0,0.16766048220705662,6.534065193708837,0
2024-07-07,33.36633041164203,72.75136694248273,89.34489996965273,272.4863305751727,70.0,0.1823006451866154,4.996340087407171,0
2024-07-08,31.58692644139859,70.67493388657357,86.58499637813077,293.25066113426436,70.0,0.23970356650142308,4.420541559228478,0
2024-07-09,34.862710185520015,70.93131603540417,79.18093297777223,290.68683964595834,70.0,0.20223834616314856,4.537244679989104,0
2024-07-10,32.685238972704575,78.59804441034046,83.21682838378533,214.0195558965954,70.0,0.17769594200151084,3.075694442476563,0
2024-07-11,29.24054132313764,63.042498227428865,50.00692547073556,369.57501772571135,70.0,0.303495461004102,6.258227304453533,0
2024-07-12,29.418034702443137,78.3192494995763,59.01141034745317,216.80750500423696,70.0,0.17961246003464243,6.104959396755218,0
2024-07-13,34.80941113608159,76.5804993812811,89.47336183979588,234.19500618718902,70.0,0.17042329185547678,7.730805973388555,0
2024-07-14,29.371807528238868,80.93226721032426,85.22390666986757,200.0,70.0,0.15211079557709495,6.49049602576582,0
2024-07-15,33.49812393077667,66.91859342474076,66.35300614510831,330.8140657525924,70.0,0.2062144119236622,3.4333197361953913,0
2024-07-16,30.30979132191855,74.72033441871889,86.42064737059651,252.79665581281108,70.0,0.17177383180168995,4.974106220520956,0
2024-07-17,31.626713245506835,82.05347212289776,51.780740518618884,200.0,70.0,0.13916584858676304,6.154456548783568,0
2024-07-18,28.00876872212701,84.30173797000117,69.08330101298449,200.0,70.0,0.16630526810266166,4.36984433521383,0
2024-07-19,30.311905114553465,71.48143874651097,65.16228872282046,285.18561253489025,70.0,0.20824866787286292,3.625367212494482,0
2024-07-20,33.6434738440985,60.023194660019186,71.72022811469984,399.76805339980814,70.0,0.2749254915772612,4.026683416554286,0
2024-07-21,32.05548235532731,62.08619474596762,55.210097920666946,379.1380525403238,70.0,0.2311290669838599,6.264558226312326,0
2024-07-22,32.680270513296485,89.03191791372673,80.52409085110341,200.0,70.0,0.14564465125074205,3.086825747761011,0
2024-07-23,29.782894275345058,63.14891518062202,79.87242289506598,368.5108481937798,70.0,0.26277664759342406,5.4870061837932464,1
2024-07-24,32.617962303506246,69.12810457886025,53.23754039345889,308.7189542113975,70.0,0.24682648507982524,5.769846922947548,0
2024-07-25,29.105366519507218,70.13888301867884,50.705739177135285,298.6111698132116,70.0,0.17511874753019904,5.012412237483946,0
2024-07-26,28.194757018172602,75.98334121600378,74.33297787540127,240.16658783996226,70.0,0.1519893418383978,5.28047438030335,0
2024-07-27,32.29375649007224,80.75391391096778,87.51168767212116,200.0,70.0,0.13395428162809875,4.289484503434086,0
2024-07-28,31.593891890691143,78.5433411147959,76.78684512274894,214.56658885204106,70.0,0.12502582133362847,7.6018441623678,0
2024-07-29,32.8886532379572,77.18607152743527,69.53808785047215,228.13928472564726,70.0,0.18965295834870352,5.657741989942956,0
2024-07-30,34.513099206617206,73.80174681679382,78.57281990916243,261.9825318320618,70.0,0.1734585130811396,3.416498826274332,0
2024-07-31,28.75069057127484,65.48837693265271,55.58591944578996,345.11623067347284,70.0,0.21722333867931543,5.930596404051517,0
2024-08-01,28.792610337634848,76.81903923078943,88.13051187036896,231.8096076921057,70.0,0.1655387477796531,3.5512835366624116,0
2024-08-02,31.553209674205497,75.32580227282999,89.77017539923405,246.7419772717001,70.0,0.1397434419609374,3.764380667128625,0
2024-08-03,30.868910430863693,83.14503191891093,61.268207631902015,200.0,70.0,0.14691753514711875,6.781398309044513,1
2024-08-04,33.856680754292206,63.0587046212931,85.39702645609171,369.41295378706894,70.0,0.31019191314429156,7.03256969378622,0
2024-08-05,31.81048682868958,88.25018780497419,64.12217724667481,200.0,70.0,0.12725234915270833,5.048044231993351,0
2024-08-06,28.841755193569398,79.45734039760235,78.9758153517752,205.42659602397651,70.0,0.13635630578414815,4.39474647041434,0
2024-08-07,33.14848957342005,89.09498079768606,57.966209810024054,200.0,70.0,0.14665357503067478,4.225254285384895,0
2024-08-08,30.28742734273373,76.90542665595494,73.11087826709937,230.94573344045054,70.0,0.14273259480940884,5.4329709878218555,0
2024-08-09,28.437834331661268,63.76562834859051,75.85864827142842,362.3437165140949,70.0,0.30191478365302693,5.796033527469714,0
2024-08-10,32.12282416716517,86.2925219157491,73.64374561369829,200.0,70.0,0.16582617264194474,3.841764402881415,1
2024-08-11,32.05730249025736,64.03892799068372,83.65053091831155,359.61072009316285,70.0,0.30044715523960874,4.769128774760214,0
2024-08-12,31.159871615603507,65.60837124565424,54.241051234814556,343.9162875434576,70.0,0.23540063191721838,3.137142628922394,0
2024-08-13,34.11585736219361,67.80964879890267,74.37813465286519,321.9035120109733,70.0,0.2675283716574403,3.201045109389811,0
2024-08-14,33.193637276685976,75.83216316942108,53.3869492689386,241.67836830578926,70.0,0.1521046795712318,4.825834799458422,0
2024-08-15,33.81414896625994,69.03843065292322,53.42232357549872,309.6156934707678,70.0,0.2600044638548715,3.7474765247996835,0
2024-08-16,33.72207573985402,66.34381131649248,73.60182503101854,336.56188683507526,70.0,0.24586479910041906,3.1817899333343913,0
2024-08-17,31.40550446833963,74.07293019858062,70.43750264963592,259.2706980141938,70.0,0.1560336868340555,6.234272312149533,0
2024-08-18,30.315442711591793,64.97210689540738,55.58984483910124,350.27893104592624,70.0,0.23518053356912663,6.906051589995136,0
2024-08-19,32.14205218449194,74.10813707824643,76.28527593204235,258.91862921753574,70.0,0.16865880877433065,5.075434387657454,0
2024-08-20,28.218374846418982,61.11096938415079,64.99367368266992,388.8903061584921,70.0,0.3139384945757231,2.924969220892905,0
2024-08-21,34.6922935397547,67.12904332586095,81.30362455832403,328.7095667413905,70.0,0.2356842584653352,4.463502036361508,0
2024-08-22,33.515248952842086,74.06694796331097,74.15508622084594,259.3305203668903,70.0,0.19036296872528474,3.1538378013982693,0
2024-08-23,34.2625768601588,80.61024647088657,73.09779904717072,200.0,70.0,0.1577100935180083,5.763035011164211,0
2024-08-24,32.859234561718885,84.3155666034374,64.51385711207547,200.0,70.0,0.1531634974104751,4.784326455989338,0
2024-08-25,32.817826658145606,63.72547581101109,64.29091883393282,362.7452418898891,70.0,0.20642418975938326,5.7136329996227175,0
2024-08-26,32.6311818954975,69.18320521782579,81.97522539822498,308.1679478217422,70.0,0.1878563281131117,3.455387910117029,0
2024-08-27,29.029770184512508,62.43214652330207,88.43651529426924,375.67853476697934,70.0,0.2995007696387702,6.342044001278148,0
2024-08-28,28.003100065130972,74.14724243891592,52.82264476250853,258.5275756108407,70.0,0.21034937392421166,4.4493019948528305,0
2024-08-29,29.817820073220325,87.71436866591921,84.55089804350814,200.0,70.0,0.13731856368054968,4.66328473024678,0
2024-08-30,33.651189479138466,73.23987063118348,89.64940665697011,267.6012936881652,70.0,0.1700084080274802,3.465683177616745,0
2024-08-31,29.597273563237124,87.96857447259828,59.71194430040822,200.0,70.0,0.1372288644360705,6.650798099987223,0
2024-09-01,29.133788313446892,27.150308772024264,14.936683379641332,728.4969122797573,70.0,0.5100729086657195,4.941461508581193,0
2024-09-02,27.116543690428983,22.09091009665177,7.706343069203383,779.0908990334823,70.0,0.6238786912712856,4.60415153694087,0
2024-09-03,30.83361303701554,27.512970982772497,16.11889105453006,724.870290172275,70.0,0.4900669950492226,4.994017824490629,0
2024-09-04,25.39365245101769,29.135413733372573,6.034584100088871,708.6458626662743,70.0,0.4884087652796356,5.628721630933284,0
2024-09-05,26.87193505393766,22.456027021779946,8.929206830374353,775.4397297822005,70.0,0.463631671148186,5.539115621529939,0
2024-09-06,28.917433594608944,11.695553391419466,17.322088435960822,883.0444660858053,70.0,0.564168671826273,2.8735368740794867,0
2024-09-07,26.14267600937522,27.03393533361202,18.98811332300341,729.6606466638798,70.0,0.5808606697900467,5.2587351294021785,0
2024-09-08,30.71886051561882,15.026894339950267,18.614749900271818,849.7310566004973,70.0,0.5238050096160113,6.1175347803328775,0
2024-09-09,25.73430781261081,26.48965943736125,9.887830123288603,735.1034056263875,70.0,0.48550339783680063,6.361560353222601,0
2024-09-10,26.633557623990747,14.694143467144565,10.59244085818174,853.0585653285543,70.0,0.6290874728901505,4.450559861460776,0
2024-09-11,24.46548218861635,20.10747766255452,10.607386701655647,798.9252233744548,70.0,0.4874395479847009,5.0107091579683365,0
2024-09-12,24.413565474729527,23.12841710462826,10.18209780191958,768.7158289537174,70.0,0.4583431176631181,3.819679959493161,0
2024-09-13,27.147491867153754,24.820129439207495,12.279313525121154,751.7987056079251,70.0,0.5018087070412417,4.899598278830824,0
2024-09-14,26.999911898061846,20.382481837987537,10.286524212294387,796.1751816201246,70.0,0.5966062475830675,4.214485302755766,0
2024-09-15,24.031520407903223,20.293506222657726,9.123701548230049,797.0649377734227,70.0,0.6676533872672409,5.99243411202946,0
2024-09-16,25.25737472010513,29.936353786803235,16.39251647816856,700.6364621319676,70.0,0.40126751605243804,5.5457420150889885,0
2024-09-17,27.5410133761286,22.20797189789144,17.704253311643264,777.9202810210855,70.0,0.5733992886103981,3.3481537125797467,0
2024-09-18,29.840043226727985,25.828683961056164,19.825385802701312,741.7131603894384,70.0,0.5910878314207361,5.867724381151265,0
2024-09-19,31.728603518441382,28.347067187169927,10.094008343899551,716.5293281283007,70.0,0.5060306321106216,4.747274225929774,0
2024-09-20,27.378251445500297,14.700376001338862,15.183077109608552,852.9962399866114,70.0,0.6265598474064448,3.891093833366131,0
2024-09-21,24.709412664863592,23.831839678624405,16.32164600709766,761.6816032137559,70.0,0.4455088753655078,6.115131260380383,0
2024-09-22,31.8563890768997,25.96207407326869,8.360456240611931,740.379259267313,70.0,0.5523223299952004,4.218807489032367,0
2024-09-23,30.992585136817368,22.467416978316628,13.017883079584914,775.3258302168338,70.0,0.5058672365905733,4.19992135811643,0
2024-09-24,24.01100080005798,28.27713618183948,6.805510750130212,717.2286381816052,70.0,0.41929939288427037,3.662206248352123,0
2024-09-25,26.052489894530574,27.572181196043047,16.138660899160154,724.2781880395695,70.0,0.5925636416405148,3.570167246792353,0
2024-09-26,24.888065587575728,24.40682744866141,7.8287964881392815,755.9317255133859,70.0,0.5113108468199415,3.4592694849419683,0
2024-09-27,27.96844566411489,22.955176724875994,10.586630204116915,770.4482327512401,70.0,0.5415770578475643,5.4885082862942385,0
2024-09-28,25.429950230402024,19.247716221401248,11.562859879607547,807.5228377859876,70.0,0.6234561617452052,6.496874295887446,0
2024-09-29,28.127411310145476,29.587604721852593,14.616485264321643,704.123952781474,70.0,0.5574105613590895,4.447826196884162,0
2024-09-30,30.638815904056685,25.10960875379223,14.067898645352347,748.9039124620778,70.0,0.5308023326773594,3.349118155058821,0
2024-10-01,24.701333142527396,23.39002837251385,6.301980353876207,766.0997162748615,70.0,0.45216272973408145,4.496521272077912,0
2024-10-02,31.125991480471445,11.611918120648674,5.314599132892846,883.8808187935132,70.0,0.5329170518789638,4.301171941716802,0
2024-10-03,24.605911153357763,15.16907255238374,19.816164630329936,848.3092744761625,70.0,0.5486357591311061,5.347597372575051,0
2024-10-04,25.76125113639429,25.318487869663045,7.886197860422165,746.8151213033696,70.0,0.5006466786534282,5.332672488778107,0
2024-10-05,26.05576346599318,24.07765749566118,12.433020964509401,759.2234250433883,70.0,0.43553932705673787,6.161519377047187,0
2024-10-06,28.215957532497796,15.005208246120015,8.836857462292187,849.9479175387999,70.0,0.5752158660998854,4.9221425166893615,0
2024-10-07,25.543497785952507,21.232060255025104,12.630051186973976,787.6793974497489,70.0,0.46399228149205674,3.6763880166320266,0
2024-10-08,30.428962708263846,25.897923246712683,5.462678233083694,741.0207675328732,70.0,0.5162028726645693,3.994791640748622,0
2024-10-09,28.544893416027687,27.990740370611135,12.073653154238727,720.0925962938886,70.0,0.45292221728606663,3.4186097885593356,0
2024-10-10,30.33022410302291,29.452862216903966,13.755592688154138,705.4713778309603,70.0,0.4106987483957789,4.748851661916395,0
2024-10-11,25.850877734394786,21.61565365580836,15.504897028305958,783.8434634419165,70.0,0.5507537426415748,5.762265974901936,0
2024-10-12,26.25683928262375,16.524092455927423,12.933693094159583,834.7590754407258,70.0,0.6021273036709038,4.205964821933257,0
2024-10-13,28.88579595519864,19.777468036704096,7.551579422808282,802.2253196329591,70.0,0.6595648618686123,5.678640843214915,0
2024-10-14,25.914557917121446,18.82453349902171,9.82743414275599,811.7546650097829,70.0,0.4962461029607207,2.7578584918280518,0
2024-10-15,28.343212653041252,16.77942932273614,19.518528936126824,832.2057067726386,70.0,0.6708422918339007,6.086000604373135,0
2024-10-16,25.198761953875263,25.016948844381936,17.530215055067693,749.8305115561807,70.0,0.5768377068142883,4.37983726726535,0
2024-10-17,28.223380362624003,21.647385127358632,5.47049079603036,783.5261487264137,70.0,0.6127438821104428,4.018185319983746,0
2024-10-18,26.949739649005284,10.967886967870747,6.232630971463407,890.3211303212926,70.0,0.5448850546820005,4.8036820770417785,0
2024-10-19,29.59905641967345,10.177135080942277,8.039625578907764,898.2286491905772,70.0,0.6727097096711551,5.016813967854131,0
2024-10-20,31.996753679332453,14.454417034983402,17.128990842470746,855.4558296501659,70.0,0.544385501320468,4.197156385241653,1
2024-10-21,24.133908087308946,25.73989797039323,6.8251099549161705,742.6010202960678,70.0,0.6209762842366121,4.106871826676172,0
2024-10-22,29.349266200192208,22.642802752492273,15.640473533511928,773.5719724750772,70.0,0.5798749683864818,3.22322833110158,0
2024-10-23,30.20669979465383,17.077743511326325,14.463865386028514,829.2225648867368,70.0,0.6411995734627095,6.00655791852245,0
2024-10-24,24.238069038572895,13.105620046065871,19.090821594886386,868.9437995393413,70.0,0.7173771098060989,4.689959395802327,0
2024-10-25,26.280490592434074,10.222732676516962,11.130169230104595,897.7726732348303,70.0,0.714477111874949,5.294684394657212,0
2024-10-26,25.094283318506925,18.083718841445517,7.139833343622436,819.1628115855448,70.0,0.65773205634874,5.174136275701865,0
2024-10-27,28.84176943534281,13.428246077065449,16.453288683147267,865.7175392293454,70.0,0.5668765435519676,5.59495653486586,0
2024-10-28,28.127535847702077,23.117913532615812,16.236940364000006,768.8208646738419,70.0,0.4518595182276145,6.11197695071742,0
2024-10-29,24.89513315235788,12.663465535078647,16.531421354248977,873.3653446492135,70.0,0.6310627409767908,5.6708053456736955,0
2024-10-30,29.312328999302743,23.865627603464983,19.22136014389951,761.3437239653503,70.0,0.4491487142592646,4.988873515479962,0
2024-10-31,26.578954267832717,26.081808653167208,13.214827179928173,739.1819134683279,70.0,0.48414520399536015,3.5776547409786743,0
2024-11-01,29.360759591362154,22.10411443269603,17.46496132980035,778.9588556730397,70.0,0.5736520487944271,4.749508886201737,0
2024-11-02,26.56711993214167,10.380609431697287,15.164313988797167,896.1939056830272,70.0,0.7263278100677095,4.787649873884833,0
2024-11-03,27.81179684803487,13.79942894734409,11.381678629979058,862.005710526559,70.0,0.617847425329145,6.752971481984123,0
2024-11-04,30.87279493675978,27.987503941063302,10.77053921468815,720.1249605893669,70.0,0.5751303924285297,5.4086511090234755,0
2024-11-05,30.562459372300843,22.375309736124898,17.350261189212766,776.2469026387511,70.0,0.49767779620078006,5.57997308049374,0
2024-11-06,29.104146720480397,28.780487736050382,15.783500275851875,712.1951226394963,70.0,0.4240025519961188,5.466040028393089,0
2024-11-07,30.49199641416903,14.72217450058585,12.797516403903042,852.7782549941415,70.0,0.5925689178689275,4.068950094320261,0
2024-11-08,28.538807348719036,15.124503687824236,8.11145541728467,848.7549631217577,70.0,0.6074959536941376,4.442603108212947,0
2024-11-09,29.032920465269605,22.64291080865105,11.34065956840006,773.5708919134895,70.0,0.6438184565045125,4.19802166497634,0
2024-11-10,30.200931067038194,16.705958872835577,11.675978360821166,832.9404112716442,70.0,0.6005839418683253,5.687780164326718,0
2024-11-11,27.596861160153793,13.837453586930891,6.913476302290659,861.6254641306911,70.0,0.6075912208886658,6.022082326916206,0
2024-11-12,24.62196025245931,20.70358628836979,10.443699217607481,792.9641371163021,70.0,0.45679576275803135,5.2998885810482,0
2024-11-13,30.261667143411483,28.352901827858577,15.046493361886013,716.4709817214142,70.0,0.5642215215935452,3.925563580512646,0
2024-11-14,29.547195659507892,25.62548830292416,16.364286263621047,743.7451169707584,70.0,0.6068617899894001,4.315842327410633,0
2024-11-15,31.01261113433858,27.65864173993772,13.086277741454133,723.4135826006227,70.0,0.558915845192838,5.925560204872121,0
2024-11-16,27.09818897221099,26.03629985883694,8.25000127169883,739.6370014116305,70.0,0.5504780358382119,5.690899419746776,0
2024-11-17,27.015666141835016,13.888339954410556,8.233657988679688,861.1166004558944,70.0,0.597084382060974,3.845972924884301,0
2024-11-18,29.15393714584247,22.69220595450206,12.678433249095516,773.0779404549794,70.0,0.6113810006579845,3.227642852491792,0
2024-11-19,26.95060791423833,29.872856803032434,16.404895390010726,701.2714319696756,70.0,0.513520795336275,4.504098703814771,0
2024-11-20,28.69669112913176,27.709561118854758,9.10453018905266,722.9043888114523,70.0,0.5028530602595783,4.063628942914889,0
2024-11-21,27.36837828107187,27.54007707095534,11.655921507145116,724.5992292904466,70.0,0.5850271950377602,4.502820361753359,0
2024-11-22,27.646136573162,15.639102518417861,15.61169455630702,843.6089748158214,70.0,0.49960222196634996,3.708443273023048,0
2024-11-23,27.47300531887115,25.758149165187376,12.57244916796962,742.4185083481262,70.0,0.43203696218233295,3.941031452628091,0
2024-11-24,30.57487796904106,17.94130366392419,19.638744377138295,820.5869633607581,70.0,0.5051878342466525,5.971187492146082,0
2024-11-25,29.341935003258165,27.971306236368044,10.417597947557121,720.2869376363195,70.0,0.4068491335048725,5.079428311868863,0
2024-11-26,25.36651105082049,29.0069430606105,16.368079392989245,709.930569393895,70.0,0.44700947899763577,5.913509054849595,0
2024-11-27,31.04275749387189,11.731956577670404,12.997123269050903,882.680434223296,70.0,0.7390026162716922,2.916579601017222,0
2024-11-28,31.23190691988416,14.860132726214399,12.237424326356653,851.3986727378559,70.0,0.6787236103095347,3.008117602513596,0
2024-11-29,31.26214668886969,20.90182266111186,16.433075634010986,790.9817733888814,70.0,0.5729062761773438,4.120202507705834,0
2024-11-30,26.981547598983664,27.373306142480157,13.441843328634947,726.2669385751984,70.0,0.6057043066732534,7.502122060816299,0
2024-12-01,24.601484636140466,27.903314682959447,20.652751498255107,720.9668531704056,70.0,0.594720507960134,4.952479008922103,0
2024-12-02,20.948163277682642,33.1404946762634,24.34001068511578,668.595053237366,70.0,0.3768587700085069,5.546367066440527,0
2024-12-03,21.574197776748537,24.509111346594437,14.424285227818132,754.9088865340557,70.0,0.45464743622502735,3.0525722273971034,0
2024-12-04,19.126074343833157,43.8092762578309,13.228324720107205,561.9072374216909,70.0,0.46866766358583073,4.295362596890238,1
2024-12-05,24.15229388162006,44.29238524394049,16.894585337369907,557.0761475605952,70.0,0.335209150216619,4.457867231617861,0
2024-12-06,24.933330557873063,39.6602448212575,23.533693161174167,603.3975517874251,70.0,0.429708803536725,5.7996422079866,0
2024-12-07,19.597065868534468,40.35001832011702,23.775819971056556,596.4998167988298,70.0,0.41716962334603586,5.132676091248598,0
2024-12-08,22.30821604208331,49.82269902659227,23.351884007008376,501.77300973407733,70.0,0.36113947014408027,5.098141872617543,0
2024-12-09,24.952500320320517,35.27380916355114,21.020469970310554,647.2619083644886,70.0,0.5180761027329439,3.818050880921828,0
2024-12-10,23.953645887481866,24.221029941242318,17.520098647287412,757.7897005875769,70.0,0.5063163346823454,4.656179206543568,0
2024-12-11,21.922435949095412,49.88240761058164,11.408113626366871,501.17592389418365,70.0,0.36666691218034153,2.9847785465937364,0
2024-12-12,22.884470397288553,45.91754779539565,18.147272570886305,540.8245220460435,70.0,0.3780069850279491,4.679785509702363,0
2024-12-13,20.509517724827113,42.11416213571208,14.754041906507076,578.8583786428792,70.0,0.3630893949278113,4.357085028981004,0
2024-12-14,20.11449779632762,35.25323226037679,23.132219445043937,647.467677396232,70.0,0.3627040547234523,5.5637594546237645,0
2024-12-15,24.26252879415192,25.792136427147504,15.781249640339354,742.078635728525,70.0,0.423007593846649,4.086018588075231,0
2024-12-16,18.252275858434153,38.37601872317969,13.978977821080683,616.2398127682031,70.0,0.4498733644225096,4.639232722295425,0
2024-12-17,22.34087824672675,28.788642888390054,22.4383664622416,712.1135711160995,70.0,0.5020328605426844,5.6374545578648005,0
2024-12-18,18.92197814827734,48.81825991708296,11.793462552756042,511.81740082917037,70.0,0.308686291559939,4.484540099291369,0
2024-12-19,18.748079805776733,35.41468060612084,11.465126222805573,645.8531939387916,70.0,0.42376679913880305,2.945950509219962,0
2024-12-20,22.501890982455784,34.11962173975323,21.184779104512412,658.8037826024678,70.0,0.4455056432108569,4.57914992639853,0
2024-12-21,19.84658375311462,21.19325928254451,29.194106708870855,788.0674071745549,70.0,0.5014293220431106,7.440564277194546,0
2024-12-22,23.327159956851837,30.384642087097795,22.23642735336647,696.1535791290221,70.0,0.4027066125009823,5.332803039033435,0
2024-12-23,18.74168005252815,38.54305911064164,14.864501321240152,614.5694088935836,70.0,0.36015747942838605,5.5509332806629095,0
2024-12-24,23.89569950704008,21.328902535004694,21.379737120915674,786.7109746499531,70.0,0.51704892912961,4.311037706131573,0
2024-12-25,19.121187650142012,45.46588454979369,23.23879083378882,545.341154502063,70.0,0.408603891603606,2.8879659892332326,0
2024-12-26,19.432840254772472,46.08952131881905,26.42914524307192,539.1047868118095,70.0,0.37418855422852915,4.223994734558278,0
2024-12-27,20.13384789582101,24.515915730807087,27.372366579208286,754.8408426919291,70.0,0.4930126323207383,4.910887532648275,0
2024-12-28,23.12139840458302,24.834235285301304,29.246260014393574,751.657647146987,70.0,0.47694985285081415,3.547230034099271,0
2024-12-29,18.88659105508746,37.57540616867601,23.993904688668344,624.2459383132399,70.0,0.40362259397147054,4.757539118777886,0
2024-12-30,18.486712698221815,28.818833667216477,23.475166567708623,711.8116633278353,70.0,0.5409714213686164,5.409086082202119,0
